ID,L,Section,B,H,RECT_TH (in),Type,MIN FX,MAX FX,MIN FY,MAX FY,MIN FZ,MAX FZ,MIN MX,MAX MX,MIN MY,MAX MY,MIN MZ,MAX MZ,AREA TOP,AREA BOTTOM,STIRRUP SPACING,BAR TYPE TOP,BAR COUNT TOP,BAR TYPE BOTTOM,BAR COUNT BOTTOM,EFFICIENCY MIN MY,EFFICIENCY MAX MY
1,15.0,16 x 32,16.0,32.0,0.0,RC Beam,-3.96,3.74,-1.48,2.23,-9.03,14.93,-13.19,16.79,-30.44,22.93,-0.51,3.22,0.9817477042468103,0.9203884727313847,7.06573409979766,4,5,5,3,0.233573091947689,0.186706524057924
2,73.0,16 x 32,16.0,32.0,0.0,RC Beam,-0.48,7.13,-1.11,1.07,-13.76,14.1,-19.21,12.97,-46.2,1.66,-2.35,0.23,1.2026409377023426,0.7853981633974483,7.84956809290632,7,2,4,4,0.293401882670095,0.0156048181450940
3,67.0,16 x 32,16.0,32.0,0.0,RC Beam,-0.76,20.81,-0.14,0.79,-29.41,33.79,-0.31,13.41,-149.82,8.58,-2.58,0.69,2.0,0.7853981633974483,0.366486827168420,9,2,4,4,0.586296525125016,0.0803092703062916
4,15.0,16 x 32,16.0,32.0,0.0,RC Beam,-1.37,1.04,-0.82,0.94,-6.95,19.03,-17.92,19.3,-72.81,45.98,-0.98,0.41,1.325359400733194,1.2026409377023426,4.19686863426059,6,3,7,2,0.421371248833356,0.291453217191691
5,35.0,16 x 32,16.0,32.0,0.0,RC Beam,-4.65,1.35,-5.15,5.28,-25.02,32.39,-13.55,13.8,-228.76,17.72,-0.98,0.64,3.0,0.8835729338221293,0.112182460327906,9,3,6,2,0.607095266593225,0.148741912029049
6,15.0,16 x 32,16.0,32.0,0.0,RC Beam,-6.75,5.33,-0.42,0.21,-6.03,16.24,-21.1,7.1,-56.19,27.32,-0.19,0.86,1.2026409377023426,0.9203884727313847,5.99162008066374,7,2,5,3,0.356633894492942,0.222131931808251
7,15.0,16 x 32,16.0,32.0,0.0,RC Beam,-1.42,2.79,-0.79,0.49,-14.15,25.33,-18.45,16.93,-117.67,93.45,-0.64,0.89,1.7671458676442586,1.5707963267948966,1.59855547216656,6,4,8,2,0.518283758656571,0.460308966245237
8,35.0,16 x 32,16.0,32.0,0.0,RC Beam,-5.63,3.22,-4.86,4.63,-26.59,31.24,-24.18,17.05,-213.23,24.36,-0.27,0.7,2.53125,0.9203884727313847,0.113761527208037,10,2,5,3,0.665757964952701,0.197190675397861
9,15.0,16 x 32,16.0,32.0,0.0,RC Beam,-0.38,2.17,-0.47,0.66,-10.37,19.87,-21.35,9.39,-99.2,48.44,-1.27,0.15,1.5707963267948966,1.2026409377023426,3.75522949723096,8,2,7,2,0.488825431594442,0.306874272968261
10,35.0,16 x 32,16.0,32.0,0.0,RC Beam,-0.77,5.18,-6.46,6.75,-57.4,57.37,-17.0,8.55,-370.67,32.48,-0.67,0.24,3.796875,0.9817477042468103,2.77078620362340,10,3,4,5,0.786015248876494,0.247476134891544
11,15.0,16 x 32,16.0,32.0,0.0,RC Beam,-1.28,4.51,-0.42,0.16,-15.5,27.83,-32.02,9.23,-153.69,87.43,-0.94,0.44,2.0,1.5707963267948966,0.893510963348153,9,2,8,2,0.601485185301463,0.430605213165450
12,32.0,16 x 32,16.0,32.0,0.0,RC Beam,-5.91,15.46,-6.15,7.95,-38.44,30.53,-36.52,35.51,-224.08,16.55,-3.23,0.58,3.0,0.8835729338221293,0.261755981329155,9,3,6,2,0.594675237533703,0.138920916708847
13,14.0,16 x 32,16.0,32.0,0.0,RC Beam,-8.49,11.83,-1.41,2.13,-15.73,18.48,-22.16,6.02,-58.04,47.71,-3.75,0.76,1.2026409377023426,1.2026409377023426,4.50778734361359,7,2,7,2,0.368021005135725,0.302520367936345
14,35.0,16 x 32,16.0,32.0,0.0,RC Beam,-8.94,14.23,-4.95,5.7,-48.91,26.31,-32.91,37.76,-469.56,19.37,-4.8,2.6,4.6875,0.8835729338221293,1.30621095058834,11,3,6,2,0.817669316800759,0.162292227880040
15,15.0,16 x 32,16.0,32.0,0.0,RC Beam,-4.06,4.87,-0.82,0.63,-16.14,27.7,-11.03,31.71,-130.42,91.98,-0.88,1.05,1.803961406553514,1.5707963267948966,0.927036466064227,7,3,8,2,0.563263632164199,0.453059069501962
16,35.0,16 x 32,16.0,32.0,0.0,RC Beam,-4.76,14.34,-7.8,7.94,-52.2,28.21,-49.61,37.38,-477.93,24.01,-3.08,2.85,4.6875,0.9203884727313847,0.797285009215848,11,3,5,3,0.831955896347458,0.193872774871904
17,15.0,16 x 32,16.0,32.0,0.0,RC Beam,-4.21,4.04,-0.37,0.4,-18.26,43.48,-5.4,9.52,-194.3,121.45,-0.7,0.15,2.356194490192345,1.7671458676442586,1.67769295975209,8,3,6,4,0.649886855486955,0.534861295792562
18,26.0,16 x 32,16.0,32.0,0.0,RC Beam,-0.99,4.16,-1.19,0.24,-23.46,59.59,-14.32,36.21,-288.28,190.0,-0.41,2.29,3.125,2.356194490192345,2.66895667205879,11,2,8,3,0.734815648581311,0.635616016489026
19,6.0,16 x 32,16.0,32.0,0.0,RC Beam,-1.93,23.36,-0.77,1.82,-6.33,163.58,-24.73,20.23,-333.77,637.08,-3.09,1.64,3.796875,0.0,0.972265118522945,10,3,11,0,0.712788510908553,56.2034122172115
20,15.0,16 x 32,16.0,32.0,0.0,RC Beam,-2.29,0.59,-0.6,0.69,-17.92,29.99,-10.32,23.09,-162.0,119.82,-0.83,0.53,2.356194490192345,1.7671458676442586,0.379006672556822,8,3,6,4,0.541851109567095,0.527682836244255
21,35.0,16 x 32,16.0,32.0,0.0,RC Beam,-2.37,5.58,-3.95,4.23,-28.68,30.64,-27.07,32.92,-207.1,49.32,-1.3,0.8,2.405281875404685,1.2026409377023426,0.238378267296967,7,4,7,2,0.679064511571817,0.312060013580595
22,32.0,16 x 32,16.0,32.0,0.0,RC Beam,-7.65,1.26,-3.91,3.52,-24.26,26.38,-30.35,24.67,-172.36,37.93,-0.57,1.67,2.356194490192345,1.2026409377023426,1.28616035291808,8,3,7,2,0.576451471404446,0.240005729796142
23,14.0,16 x 32,16.0,32.0,0.0,RC Beam,-5.81,3.61,-0.85,0.65,-21.2,28.53,-20.58,7.37,-147.77,109.22,-0.62,1.18,2.0,1.7671458676442586,0.718240803013638,9,2,6,4,0.578323955514077,0.481025977457717
24,35.0,16 x 32,16.0,32.0,0.0,RC Beam,-1.75,2.94,-3.84,3.2,-27.04,28.6,-27.38,20.13,-189.89,43.2,-0.92,1.91,2.356194490192345,1.2026409377023426,0.701185668181087,8,3,7,2,0.635079890374740,0.273352162594077
25,14.0,16 x 32,16.0,32.0,0.0,RC Beam,-6.28,4.56,-0.7,0.73,-17.73,36.13,-9.62,17.42,-220.58,152.74,-1.46,0.23,2.53125,2.0,0.747539161085550,10,2,9,2,0.688707836425969,0.597797731254948
26,35.0,16 x 32,16.0,32.0,0.0,RC Beam,-2.26,1.06,-3.76,3.65,-40.08,43.04,-10.72,8.32,-258.01,49.66,-0.29,0.37,3.0,1.2026409377023426,1.63095004391313,9,3,7,2,0.684457171186293,0.314039415363295
27,32.0,16 x 32,16.0,32.0,0.0,RC Beam,-13.9,0.81,-3.53,3.56,-42.05,42.18,-10.33,10.0,-234.87,48.36,-0.3,0.11,3.0,1.2026409377023426,1.53677311261311,9,3,7,2,0.623070639884208,0.305818488259543
28,32.0,16 x 32,16.0,32.0,0.0,RC Beam,-6.61,0.94,-3.73,3.66,-35.51,37.93,-10.18,10.71,-217.86,38.12,-0.17,0.35,2.53125,1.2026409377023426,1.00866306063857,10,2,7,2,0.680191373710956,0.241162829021133
29,14.0,16 x 32,16.0,32.0,0.0,RC Beam,-3.13,1.47,-0.36,0.05,-18.85,45.65,-2.79,3.62,-232.66,165.7,-0.21,0.69,3.0,2.356194490192345,1.89504030427209,9,3,8,3,0.616831973745110,0.554316615917417
30,35.0,Level 3 Main Beam,10.0,20.0,0.0,RC Beam,-0.79,0.58,-2.42,2.41,-26.36,36.71,-10.63,11.81,-183.35,29.99,-0.03,0.03,3.125,0.6135923151542565,0.834475344320918,11,2,5,2,0.862183869084672,0.612519728546175
31,32.0,Level 3 Main Beam,10.0,20.0,0.0,RC Beam,-0.84,1.27,-2.41,2.41,-31.54,36.16,-13.65,13.97,-169.1,30.06,-0.03,0.02,3.125,0.6135923151542565,0.752104255808100,11,2,5,2,0.795174760088454,0.613949417809203
32,32.0,Level 3 Main Beam,10.0,20.0,0.0,RC Beam,-0.32,1.93,-2.4,2.4,-35.06,36.63,-12.82,12.64,-168.68,29.37,-0.02,0.02,3.125,0.6135923151542565,0.822647826645397,11,2,5,2,0.793199754770671,0.599856766502206
33,32.0,Level 3 Main Beam,10.0,20.0,0.0,RC Beam,-0.78,1.25,-2.4,2.41,-29.17,34.46,-13.77,13.94,-159.38,27.11,-0.06,0.04,2.53125,0.6135923151542565,0.480878986941988,10,2,5,2,0.902621062206589,0.554269642678123
34,35.0,Level 3 Main Beam,10.0,20.0,0.0,RC Beam,-0.79,0.58,-2.41,2.43,-23.97,33.66,-12.07,10.86,-164.56,24.81,-0.08,0.07,2.53125,0.6135923151542565,0.343763811349403,10,2,5,2,0.931957096227358,0.507245659713915
35,32.0,Level 3 Main Beam,10.0,20.0,0.0,RC Beam,-0.39,0.79,-2.4,2.38,-14.34,18.36,-21.67,16.68,-107.97,22.52,-0.26,0.21,2.0,0.6135923151542565,4.57809967919276,9,2,5,2,0.757614039475216,0.461050452213741
36,15.0,Level 3 Main Beam,10.0,20.0,0.0,RC Beam,-0.7,0.45,-0.41,0.41,-17.84,21.73,-19.68,23.08,-112.74,83.62,-0.2,0.23,2.0,1.5707963267948966,2.89882237045463,9,2,8,2,0.789042623060548,0.733769763135223
37,13.0,Level 3 Main Beam,10.0,20.0,0.0,RC Beam,-0.42,0.46,-0.45,0.44,-17.83,23.79,-15.65,18.69,-119.02,92.95,-0.24,0.27,2.0,1.5707963267948966,2.10661665027235,9,2,8,2,0.832994970699542,0.815640988799557
38,15.0,Level 3 Main Beam,10.0,20.0,0.0,RC Beam,-0.61,0.28,-0.05,0.04,-29.35,39.54,-6.56,5.38,-161.39,88.66,-0.04,0.07,2.53125,1.5707963267948966,1.22208118083007,10,2,8,2,0.906028124960739,0.778104825540944
39,14.0,Level 3 Main Beam,10.0,20.0,0.0,RC Beam,-2.85,2.73,-0.04,0.03,-16.68,23.61,-13.35,17.01,-133.01,98.67,-0.05,0.09,2.53125,1.5707963267948966,2.17032656120199,10,2,8,2,0.746705501586393,0.865955370360083
40,15.0,16 x 32,16.0,32.0,0.0,RC Beam,-2.15,1.1,-0.88,1.05,-29.04,35.7,-11.06,24.08,-220.64,191.0,-1.44,0.67,2.53125,2.356194490192345,0.681263022129437,10,2,8,3,0.688920622644317,0.638917512164979
41,32.0,16 x 32,16.0,32.0,0.0,RC Beam,-4.36,0.74,-1.14,1.25,-41.89,40.14,-15.71,15.26,-268.37,82.86,-0.36,0.21,3.0,1.5707963267948966,1.29723691803739,9,3,8,2,0.711733333212540,0.407955788437595
42,35.0,16 x 32,16.0,32.0,0.0,RC Beam,-3.45,3.67,-0.79,0.97,-31.88,30.37,-29.8,36.96,-237.47,74.21,-1.6,0.92,3.0,1.325359400733194,0.296062236087557,9,3,6,3,0.629897519958806,0.428640796726178
43,32.0,16 x 32,16.0,32.0,0.0,RC Beam,-7.96,0.47,-1.28,1.28,-40.91,42.25,-14.39,13.66,-236.32,80.36,-0.24,0.22,3.0,1.5707963267948966,1.54458200923126,9,3,8,2,0.626734811285865,0.395647202013579
44,32.0,16 x 32,16.0,32.0,0.0,RC Beam,-4.57,1.77,-1.14,1.29,-41.39,39.52,-16.3,21.74,-247.94,74.21,-0.4,0.24,3.0,1.325359400733194,1.21953668750053,9,3,6,3,0.657669562886202,0.428640796726178
45,35.0,16 x 32,16.0,32.0,0.0,RC Beam,-3.35,0.6,-1.1,1.13,-40.29,38.96,-13.08,15.7,-269.26,64.6,-0.45,0.36,3.0,1.227184630308513,1.14723023331676,9,3,5,4,0.714284566387909,0.400912614651434
46,35.0,16 x 32,16.0,32.0,0.0,RC Beam,-4.86,1.44,-0.87,0.88,-30.13,27.86,-27.55,33.22,-210.33,61.61,-1.26,0.93,2.53125,1.2026409377023426,0.885818740487405,10,2,7,2,0.656681591997730,0.389770249107870
47,15.0,16 x 32,16.0,32.0,0.0,RC Beam,-3.41,1.91,-0.66,0.39,-31.41,39.28,-21.73,9.97,-260.49,216.04,-0.31,1.25,3.0,2.53125,1.18880065911458,9,3,10,2,0.690588794915294,0.674604012084598
48,15.0,16 x 32,16.0,32.0,0.0,RC Beam,-2.83,1.15,-0.08,0.09,-33.23,49.02,-5.51,6.32,-268.5,197.36,-0.05,0.15,3.0,2.356194490192345,2.19443267829500,9,3,8,3,0.711851564302253,0.660228891475325
49,13.0,16 x 32,16.0,32.0,0.0,RC Beam,-3.5,1.9,-0.79,0.93,-32.62,39.9,-6.46,19.71,-234.99,208.65,-1.22,0.71,3.0,2.53125,1.26744586190529,9,3,10,2,0.622985377239606,0.651528083324622
50,32.0,16 x 32,16.0,32.0,0.0,RC Beam,-0.54,11.17,-0.04,0.14,-59.2,52.65,-11.82,13.09,-370.13,73.53,-0.09,0.22,3.796875,1.325359400733194,2.47404729135842,10,3,6,3,0.783823599418301,0.424555631138838
51,32.0,16 x 32,16.0,32.0,0.0,RC Beam,-0.59,10.96,-0.06,0.11,-60.66,52.1,-13.82,11.54,-394.76,70.4,-0.23,0.15,4.0,1.325359400733194,2.43418598637276,9,4,6,3,0.795576551622726,0.406452939289069
52,32.0,16 x 32,16.0,32.0,0.0,RC Beam,-0.99,10.52,-0.07,0.09,-62.91,51.54,-13.14,12.22,-417.29,67.56,-0.11,0.12,4.6875,1.325359400733194,2.39272584187080,11,3,6,3,0.724016619496389,0.389973804129645
53,32.0,16 x 32,16.0,32.0,0.0,RC Beam,-0.61,10.46,-0.14,0.03,-58.38,49.92,-13.3,11.8,-377.84,64.88,-0.22,0.1,4.0,1.325359400733194,2.26754987760459,9,4,6,3,0.761476958823414,0.374583333822085
54,32.0,16 x 32,16.0,32.0,0.0,RC Beam,-0.56,10.24,-0.12,0.03,-55.48,48.28,-11.88,10.95,-350.15,62.49,-0.18,0.05,3.796875,1.227184630308513,2.13227195298303,10,3,5,4,0.741764150064692,0.387632606708387
55,32.0,16 x 32,16.0,32.0,0.0,RC Beam,-0.75,9.39,-0.75,0.68,-33.76,30.14,-36.68,29.39,-228.96,62.1,-1.69,0.53,3.0,1.227184630308513,0.346015597544098,9,3,5,4,0.607377977865913,0.385397420585976
56,15.0,16 x 32,16.0,32.0,0.0,RC Beam,-1.95,4.53,-0.94,1.61,-32.16,36.86,-27.96,11.14,-228.25,189.98,-3.04,0.16,3.0,2.356194490192345,0.856513561856237,9,3,8,3,0.605140110063275,0.635540559396444
57,15.0,16 x 32,16.0,32.0,0.0,RC Beam,-0.79,5.29,-0.3,0.26,-37.97,46.72,-6.54,5.18,-228.83,167.09,-0.47,0.13,3.0,2.356194490192345,1.99477932127613,9,3,8,3,0.606677815490817,0.558966586322518
58,15.0,16 x 32,16.0,32.0,0.0,RC Beam,-3.4,5.54,-1.91,0.96,-30.05,32.81,-10.12,31.88,-184.0,158.58,-0.23,3.55,2.356194490192345,2.356194490192345,0.190752511125294,8,3,8,3,0.615487755248456,0.530456783844022
59,15.0,16 x 32,16.0,32.0,0.0,RC Beam,-2.91,1.37,-0.3,0.4,-24.36,25.82,-12.31,30.95,-130.03,104.87,-0.76,0.13,1.7671458676442586,1.5707963267948966,1.44960922192018,6,4,8,2,0.572724034487244,0.516560741467502
60,35.0,16 x 32,16.0,32.0,0.0,RC Beam,-2.24,0.61,-0.23,0.39,-37.29,33.89,-28.66,32.58,-250.25,37.16,-0.86,0.31,3.0,1.2026409377023426,0.383847444379489,9,3,7,2,0.663871195261307,0.234992039365687
61,32.0,16 x 32,16.0,32.0,0.0,RC Beam,-2.64,0.37,-0.1,0.07,-58.24,53.21,-8.91,9.74,-368.91,54.21,-0.17,0.05,3.796875,1.2026409377023426,2.51378669216352,10,3,7,2,0.781575867642062,0.342638792844459
62,32.0,16 x 32,16.0,32.0,0.0,RC Beam,-2.38,0.37,-0.15,0.04,-59.21,52.74,-10.18,9.01,-378.91,51.49,-0.12,0.28,4.0,1.2026409377023426,2.48049089666327,9,4,7,2,0.764037958749825,0.325413647481998
63,32.0,16 x 32,16.0,32.0,0.0,RC Beam,-1.99,0.39,-0.07,0.06,-60.07,52.72,-10.17,8.93,-386.21,48.86,-0.12,0.12,4.0,1.2026409377023426,2.47906088562255,9,4,7,2,0.778757752629305,0.308792208505931
64,32.0,16 x 32,16.0,32.0,0.0,RC Beam,-2.22,0.34,-0.06,0.12,-57.1,51.11,-10.85,10.36,-363.39,46.98,-0.22,0.11,3.796875,1.2026409377023426,2.36027372119000,10,3,7,2,0.769881148633675,0.296940979299625
65,32.0,16 x 32,16.0,32.0,0.0,RC Beam,-2.29,0.3,-0.09,0.09,-55.03,49.46,-8.78,8.5,-345.93,45.24,-0.02,0.17,3.796875,1.2026409377023426,2.23051132005704,10,3,7,2,0.732890243944102,0.285943165251491
66,15.0,16 x 32,16.0,32.0,0.0,RC Beam,-3.28,1.13,-0.36,0.35,-27.31,29.9,-26.94,11.64,-170.31,136.58,-0.08,0.69,2.356194490192345,2.0,0.398960204347127,8,3,9,2,0.569665893196866,0.534546349974145
67,15.0,16 x 32,16.0,32.0,0.0,RC Beam,-2.93,0.38,-0.11,0.1,-34.0,39.22,-6.77,4.94,-173.78,116.5,-0.14,0.2,2.356194490192345,1.7671458676442586,1.18105787582919,8,3,6,4,0.581252381608456,0.513061679372857
68,32.0,16 x 32,16.0,32.0,0.0,RC Beam,-0.12,6.81,-0.09,0.03,-59.94,52.41,-6.7,7.04,-391.43,37.78,-0.15,0.07,4.0,1.2026409377023426,2.45675615130740,9,4,7,2,0.789283413458194,0.238767286888131
69,32.0,16 x 32,16.0,32.0,0.0,RC Beam,-0.11,6.89,-0.06,0.03,-59.83,51.85,-7.22,6.79,-393.48,35.91,-0.1,0.08,4.0,1.2026409377023426,2.41578765458092,9,4,7,2,0.793417054205171,0.226949001380434
70,32.0,16 x 32,16.0,32.0,0.0,RC Beam,-0.1,6.89,-0.07,0.03,-60.46,52.12,-7.69,6.46,-397.98,34.26,-0.13,0.08,4.0,0.9817477042468103,2.43565022812780,9,4,4,5,0.803377594473211,0.260994466624160
71,32.0,16 x 32,16.0,32.0,0.0,RC Beam,-0.11,6.54,-0.05,0.06,-57.76,50.3,-8.74,8.0,-377.45,32.76,-0.1,0.1,4.0,0.9817477042468103,2.29763598190896,9,4,4,5,0.761934954103004,0.249567388400685
72,32.0,16 x 32,16.0,32.0,0.0,RC Beam,-0.1,6.23,-0.06,0.11,-56.43,48.88,-6.5,7.02,-364.34,31.36,-0.11,0.18,3.796875,0.9817477042468103,2.18281689627702,10,3,4,5,0.772592321406269,0.238942475067698
73,32.0,16 x 32,16.0,32.0,0.0,RC Beam,-0.13,5.21,-0.29,0.26,-32.91,29.23,-28.06,23.53,-217.96,30.9,-0.77,0.17,2.53125,0.9817477042468103,0.551365381798805,10,2,4,5,0.680519733535515,0.235799639754493
74,15.0,16 x 32,16.0,32.0,0.0,RC Beam,-0.57,1.44,-0.49,1.04,-25.19,24.16,-25.61,11.42,-123.93,102.35,-1.94,0.06,1.7671458676442586,1.5707963267948966,1.97863866349251,6,4,8,2,0.545856260816766,0.504147915411450
75,15.0,16 x 32,16.0,32.0,0.0,RC Beam,-0.16,1.54,-0.11,0.15,-34.07,32.62,-5.59,3.74,-126.67,88.03,-0.26,0.06,1.7671458676442586,1.5707963267948966,0.155459530656679,6,4,8,2,0.557924736203177,0.433611538775476
76,15.0,16 x 32,16.0,32.0,0.0,RC Beam,-0.37,1.43,-1.25,0.59,-22.88,21.14,-12.61,30.07,-96.55,79.32,-0.08,2.37,1.5707963267948966,1.5707963267948966,3.15415847256287,8,2,8,2,0.475634383540928,0.390754213386498
77,15.0,16 x 32,16.0,32.0,0.0,RC Beam,-5.5,4.97,-2.14,0.95,-13.14,23.95,-19.36,2.66,-142.54,80.45,-3.29,3.67,2.0,1.5707963267948966,2.05078956617867,9,2,8,2,0.557848255012496,0.396227718164937
78,26.0,16 x 32,16.0,32.0,0.0,RC Beam,-0.4,9.84,-0.09,0.25,-27.65,38.58,-5.74,7.61,-204.26,30.38,-0.4,0.23,2.405281875404685,0.9817477042468103,1.09696967055523,7,4,4,5,0.669735842435951,0.231883001879253
79,26.0,16 x 32,16.0,32.0,0.0,RC Beam,-0.39,13.59,-4.47,4.43,-28.06,37.09,-7.54,6.36,-199.01,31.77,-0.11,0.27,2.356194490192345,0.9817477042468103,0.889959285252654,8,3,4,5,0.665558984039288,0.242514735301083
80,26.0,16 x 32,16.0,32.0,0.0,RC Beam,-0.45,9.54,-4.64,4.44,-27.0,33.9,-10.28,7.62,-181.55,34.62,-0.23,0.58,2.356194490192345,0.9817477042468103,0.385577872861973,8,3,4,5,0.607166642642746,0.264270070384750
81,26.0,16 x 32,16.0,32.0,0.0,RC Beam,-1.53,12.69,-4.33,4.73,-18.51,23.0,-20.15,17.04,-139.29,38.48,-2.09,0.41,2.0,1.2026409377023426,2.39364826565126,9,2,7,2,0.545113107318052,0.243596760241816
82,15.0,16 x 32,16.0,32.0,0.0,RC Beam,-7.4,7.51,-1.07,1.29,-6.93,19.94,-12.78,1.4,-107.63,47.46,-1.49,2.01,1.7671458676442586,1.2026409377023426,3.72010582296786,6,4,7,2,0.474106960700732,0.300555035403666
83,26.0,16 x 32,16.0,32.0,0.0,RC Beam,-3.97,1.02,-5.67,5.48,-19.3,20.26,-18.42,14.6,-91.11,23.89,-0.51,0.94,1.5707963267948966,0.9203884727313847,3.56263129861694,8,2,5,3,0.449091480551886,0.193902680037922
84,26.0,16 x 32,16.0,32.0,0.0,RC Beam,-3.49,0.9,-5.56,5.53,-27.84,32.65,-8.33,6.3,-140.84,20.68,-0.12,0.14,2.0,0.8835729338221293,0.161059414702019,9,2,6,2,0.551161206604087,0.173971017148816
85,26.0,16 x 32,16.0,32.0,0.0,RC Beam,-3.75,0.84,-5.53,5.51,-27.43,36.37,-5.03,3.79,-163.24,18.78,-0.1,0.1,2.356194490192345,0.8835729338221293,0.783849048392106,8,3,6,2,0.545924076912050,0.157836830644464
86,26.0,16 x 32,16.0,32.0,0.0,RC Beam,-3.36,0.71,-0.05,0.04,-27.19,37.64,-2.08,2.97,-174.28,17.93,-0.11,0.11,2.356194490192345,0.8835729338221293,0.968280815356560,8,3,6,2,0.582845185764715,0.150692991131802
87,58.0,16 x 32,16.0,32.0,0.0,RC Beam,-1.39,27.22,-0.97,6.01,-12.45,15.65,-12.26,4.7,-65.16,8.45,-1.26,12.35,1.325359400733194,0.7853981633974483,6.45312524664403,6,3,4,4,0.377515044139756,0.0793632462070495
88,26.0,16 x 32,16.0,32.0,0.0,RC Beam,-0.96,6.38,-1.15,1.26,-19.61,19.61,-15.77,13.13,-52.89,9.59,-2.11,0.54,1.2026409377023426,0.7853981633974483,3.88788424834162,7,2,4,4,0.335887999446349,0.0901507265129226
89,26.0,16 x 32,16.0,32.0,0.0,RC Beam,-0.77,8.19,-0.38,0.43,-28.28,30.93,-6.39,3.86,-89.45,7.89,-0.81,0.14,1.5707963267948966,0.7853981633974483,0.177543165534403,8,2,4,4,0.440986279071227,0.0739936473704623
90,26.0,16 x 32,16.0,32.0,0.0,RC Beam,-0.69,9.85,-0.44,0.21,-28.73,33.76,-2.62,1.74,-105.45,7.09,-0.73,0.07,1.5707963267948966,0.7853981633974483,0.361258586789719,8,2,4,4,0.519865881811748,0.0664911229222532
91,26.0,16 x 32,16.0,32.0,0.0,RC Beam,-0.62,10.87,-0.25,0.06,-28.85,34.47,-0.41,2.22,-111.32,6.97,-0.61,0.58,1.7671458676442586,0.7853981633974483,0.482552651291584,6,4,4,4,0.490436453550143,0.0653024082479098
92,67.0,16 x 32,16.0,32.0,0.0,RC Beam,-0.96,16.62,-1.13,1.27,-28.29,22.64,-22.07,19.64,-131.21,7.18,-0.26,3.09,1.803961406553514,0.7853981633974483,2.53109143595314,7,3,4,4,0.566777131587518,0.0672588549242920
93,32.0,16 x 32,16.0,32.0,0.0,RC Beam,-6.5,2.05,-4.79,5.46,-28.89,26.51,-11.43,20.5,-145.33,16.07,-1.82,1.01,2.0,0.8835729338221293,1.24920445529910,9,2,6,2,0.568732307269043,0.135189276865642
94,32.0,16 x 32,16.0,32.0,0.0,RC Beam,-1.55,7.33,-5.06,4.51,-40.6,28.43,-13.64,20.58,-169.76,23.66,-0.15,1.35,2.356194490192345,0.9203884727313847,0.742750971156493,8,3,5,3,0.567731802058426,0.191593163459873
95,32.0,16 x 32,16.0,32.0,0.0,RC Beam,-2.68,4.81,-0.61,0.42,-55.46,37.09,-5.55,33.54,-231.19,34.15,-0.45,1.71,3.0,0.9817477042468103,0.889959285252654,9,3,4,5,0.613461315214295,0.260420089086354
96,32.0,16 x 32,16.0,32.0,0.0,RC Beam,-5.58,1.01,-3.47,3.92,-24.96,28.48,-25.39,31.81,-198.1,52.31,-1.16,0.16,2.356194490192345,1.2026409377023426,0.730474371839153,8,3,7,2,0.662537923446396,0.330996565400375
97,32.0,Level 3 Main Beam,10.0,20.0,0.0,RC Beam,-0.49,0.5,-0.04,0.05,-14.88,21.43,-17.91,23.02,-125.15,30.56,-0.08,0.06,2.0,0.6135923151542565,3.02689734530934,9,2,5,2,0.878164277487480,0.625652833909943
98,32.0,16 x 32,16.0,32.0,0.0,RC Beam,-4.74,2.0,-0.33,0.43,-28.93,27.75,-28.49,35.18,-199.31,86.88,-0.85,0.17,2.356194490192345,1.5707963267948966,0.914104868828075,8,3,8,2,0.666623730952744,0.427833064164715
99,32.0,16 x 32,16.0,32.0,0.0,RC Beam,-1.0,9.9,-0.77,0.77,-33.86,31.4,-30.68,38.7,-241.52,77.72,-0.17,1.69,3.0,1.5707963267948966,0.0813347168783158,9,3,8,2,0.640525523111722,0.382649334749818
100,32.0,16 x 32,16.0,32.0,0.0,RC Beam,-2.98,0.66,-0.36,0.42,-33.23,31.44,-28.35,34.54,-224.96,57.12,-0.82,0.08,3.0,1.2026409377023426,0.0732795836507352,9,3,7,2,0.596781075268666,0.361214889358667
101,32.0,16 x 32,16.0,32.0,0.0,RC Beam,-0.26,5.4,-0.29,0.33,-33.76,30.36,-25.55,30.66,-222.69,39.52,-0.06,0.83,2.53125,1.2026409377023426,0.298218383069140,10,2,7,2,0.695271353216252,0.250019805952654
102,35.0,16 x 32,16.0,32.0,0.0,RC Beam,-1.11,10.26,-0.78,0.9,-35.15,38.5,-39.81,34.4,-264.45,68.88,-0.26,1.97,3.0,1.325359400733194,1.08626207506548,9,3,6,3,0.701462918065888,0.397854441160210
103,15.0,16 x 32,16.0,32.0,0.0,RC Beam,-3.49,6.54,-2.3,1.93,-29.6,22.36,-17.34,22.93,-152.41,110.72,-0.22,4.23,2.0,1.7671458676442586,2.64105143604558,9,2,6,4,0.596483413818099,0.487632267204893
104,15.0,16 x 32,16.0,32.0,0.0,RC Beam,-7.31,12.43,-2.83,1.62,-28.85,17.53,-9.81,29.09,-148.3,113.3,-0.81,6.17,2.0,1.7671458676442586,5.09078209412317,9,2,6,4,0.580398203984149,0.498995085570036
105,15.0,16 x 32,16.0,32.0,0.0,RC Beam,-9.12,13.63,-2.05,3.84,-16.9,31.09,-29.44,8.19,-155.2,127.97,-1.33,7.48,2.0,1.7671458676442586,0.144464783209363,9,2,6,4,0.607402570858664,0.563604599297418
106,13.0,16 x 32,16.0,32.0,0.0,RC Beam,-4.19,6.16,-1.61,1.92,-22.9,27.62,-18.81,10.42,-128.36,103.34,-0.2,3.71,1.7671458676442586,1.5707963267948966,0.947824406588672,6,4,8,2,0.565368430875818,0.509024382790613
107,14.0,16 x 32,16.0,32.0,0.0,RC Beam,-3.86,4.97,-0.71,1.43,-33.05,31.05,-27.91,7.34,-181.09,153.69,-0.38,2.9,2.356194490192345,2.0,0.152702419000937,8,3,9,2,0.605723660378254,0.601511411096254
108,15.0,16 x 32,16.0,32.0,0.0,RC Beam,-0.51,2.91,-1.75,1.62,-29.43,30.18,-17.0,18.65,-168.83,136.93,-3.29,0.16,2.356194490192345,2.0,0.337273363485060,8,3,9,2,0.564715476181239,0.535916178810658
109,15.0,16 x 32,16.0,32.0,0.0,RC Beam,-0.53,1.49,-1.24,1.15,-29.02,30.34,-14.34,16.37,-171.51,137.34,-2.69,0.15,2.356194490192345,2.0,0.302534941001288,8,3,9,2,0.573679744831158,0.537520835447716
110,15.0,16 x 32,16.0,32.0,0.0,RC Beam,-0.36,1.86,-1.58,1.59,-29.86,30.09,-16.6,17.19,-166.93,138.33,-2.98,0.18,2.356194490192345,2.0,0.356976075439650,8,3,9,2,0.558360211093610,0.541395494156710
111,13.0,16 x 32,16.0,32.0,0.0,RC Beam,-0.86,2.35,-1.37,1.43,-30.57,30.85,-12.26,13.5,-156.1,138.08,-2.82,0.18,2.0,2.0,0.194211024634654,9,2,9,2,0.610933058026839,0.540407665934311
112,14.0,16 x 32,16.0,32.0,0.0,RC Beam,-2.61,4.05,-1.21,0.7,-37.64,31.65,-8.72,23.29,-230.38,171.17,-2.5,0.36,3.0,2.356194490192345,0.0313241740909671,9,3,8,3,0.610787200685114,0.572615420317346
113,15.0,16 x 32,16.0,32.0,0.0,RC Beam,-0.21,1.32,-0.41,0.37,-42.42,34.0,-5.88,4.69,-198.89,122.31,-0.75,0.15,2.356194490192345,1.7671458676442586,0.402826173235909,8,3,6,4,0.665239303591356,0.538648703897804
114,15.0,16 x 32,16.0,32.0,0.0,RC Beam,-0.37,0.2,-0.48,0.59,-41.83,35.48,-4.61,4.16,-216.4,124.07,-1.02,0.2,2.53125,1.7671458676442586,0.646733085964512,10,2,6,4,0.675642218348960,0.546387705609551
115,15.0,16 x 32,16.0,32.0,0.0,RC Beam,-0.33,0.23,-0.63,0.47,-33.61,42.29,-3.68,4.53,-219.2,123.68,-1.08,0.26,2.53125,1.7671458676442586,1.54903262922726,10,2,6,4,0.684384354261054,0.544670197709271
116,13.0,16 x 32,16.0,32.0,0.0,RC Beam,-0.52,1.14,-0.33,0.38,-32.51,38.84,-3.32,3.86,-171.23,121.29,-0.7,0.21,2.356194490192345,1.7671458676442586,1.13146472425389,8,3,6,4,0.572723243772677,0.534156661726470
117,14.0,16 x 32,16.0,32.0,0.0,RC Beam,-1.98,4.65,-0.22,0.24,-46.31,35.73,-3.45,4.69,-226.33,139.64,-0.42,0.17,3.0,2.0,0.685938703890873,9,3,9,2,0.600114767363492,0.546535899997207
118,35.0,16 x 32,16.0,32.0,0.0,RC Beam,-0.67,12.78,-0.14,0.17,-58.41,64.41,-13.05,10.34,-416.45,64.19,-0.26,0.36,4.6875,1.227184630308513,2.46923036932127,11,3,5,4,0.723073995586267,0.398031673260643
119,35.0,16 x 32,16.0,32.0,0.0,RC Beam,-0.51,14.72,-0.05,0.19,-59.86,66.81,-12.1,11.13,-431.05,62.34,-0.34,0.15,4.6875,1.227184630308513,2.38052878443322,11,3,5,4,0.748423690232826,0.386560126360313
120,35.0,16 x 32,16.0,32.0,0.0,RC Beam,-3.47,24.37,-1.09,1.18,-55.84,68.25,-12.2,12.3,-442.73,47.24,-1.81,1.7,4.6875,1.2026409377023426,2.33030224304737,11,3,7,2,0.768846372874626,0.298467946803238
121,35.0,16 x 32,16.0,32.0,0.0,RC Beam,-0.64,13.87,-0.2,0.08,-57.7,64.16,-12.62,15.06,-413.1,57.08,-0.25,0.37,4.6875,1.2026409377023426,2.47885174700722,11,3,7,2,0.717390817506173,0.360638238855394
122,35.0,16 x 32,16.0,32.0,0.0,RC Beam,-0.7,11.62,-0.19,0.11,-54.54,61.07,-10.54,12.06,-392.3,55.23,-0.39,0.26,4.0,1.2026409377023426,2.60427588157824,9,4,7,2,0.791037690263008,0.349050218497392
123,35.0,16 x 32,16.0,32.0,0.0,RC Beam,-1.14,9.52,-0.82,0.7,-33.63,38.11,-31.61,36.82,-254.54,52.7,-1.84,0.65,3.0,1.2026409377023426,1.03341878483393,9,3,7,2,0.675251844322929,0.333263737205913
124,15.0,16 x 32,16.0,32.0,0.0,RC Beam,-2.16,1.14,-0.56,0.5,-30.07,30.97,-15.11,13.94,-177.76,155.41,-0.28,1.23,2.356194490192345,2.0,0.169241527606687,8,3,9,2,0.594585222093094,0.608243141378547
125,15.0,16 x 32,16.0,32.0,0.0,RC Beam,-2.09,0.97,-0.75,0.73,-30.19,31.71,-15.67,14.17,-183.93,155.27,-0.23,1.43,2.356194490192345,2.0,0.0194389817085803,8,3,9,2,0.615223109246078,0.607695209843942
126,15.0,16 x 32,16.0,32.0,0.0,RC Beam,-2.11,0.66,-0.73,0.73,-30.96,31.14,-13.43,16.69,-177.7,156.07,-0.22,1.4,2.356194490192345,2.0,0.134197498714807,8,3,9,2,0.594384529511379,0.610826247184543
127,13.0,16 x 32,16.0,32.0,0.0,RC Beam,-2.91,1.5,-0.59,0.58,-31.33,32.81,-9.22,12.82,-165.89,153.31,-0.19,1.2,2.356194490192345,2.0,0.190752511125294,8,3,9,2,0.554881539677224,0.600024168359468
128,14.0,16 x 32,16.0,32.0,0.0,RC Beam,-4.43,3.56,-0.38,0.44,-41.06,31.29,-7.7,17.48,-264.64,194.43,-0.39,0.89,3.0,2.356194490192345,0.103592525087220,9,3,8,3,0.701617869560328,0.650427155297666
129,15.0,16 x 32,16.0,32.0,0.0,RC Beam,-3.96,1.91,-0.03,0.35,-42.44,31.71,-4.94,14.02,-200.47,163.03,-0.67,0.12,2.356194490192345,2.356194490192345,0.0194389817085803,8,3,8,3,0.670580599427488,0.545342221403020
130,15.0,16 x 32,16.0,32.0,0.0,RC Beam,-4.78,3.91,-1.36,1.69,-34.7,26.8,-7.6,27.86,-226.06,150.07,-2.72,1.37,3.0,2.0,1.16805634738728,9,3,9,2,0.599398861442103,0.587357795134495
131,15.0,16 x 32,16.0,32.0,0.0,RC Beam,-5.07,3.41,-1.52,1.08,-25.0,36.24,-27.15,7.13,-231.7,150.55,-2.64,1.17,3.0,2.0,0.764240891004992,9,3,9,2,0.614353340688911,0.589236463367084
132,13.0,16 x 32,16.0,32.0,0.0,RC Beam,-4.27,2.24,-0.3,0.08,-32.64,39.11,-12.92,4.62,-165.84,161.32,-0.62,0.18,2.356194490192345,2.356194490192345,1.16680107108210,8,3,8,3,0.554741789839151,0.539622199329787
133,14.0,16 x 32,16.0,32.0,0.0,RC Beam,-2.48,1.32,-0.07,0.08,-49.29,32.42,-5.59,3.86,-266.93,176.82,-0.09,0.17,3.0,2.356194490192345,0.117862118754499,9,3,8,3,0.707689154782869,0.591516379158223
134,15.0,16 x 32,16.0,32.0,0.0,RC Beam,-4.06,2.56,-1.02,0.9,-39.6,30.61,-23.15,11.01,-245.78,182.69,-1.51,0.91,3.0,2.356194490192345,0.244737344331234,9,3,8,3,0.651615931002636,0.611153304538038
135,14.0,16 x 32,16.0,32.0,0.0,RC Beam,-1.68,1.32,-1.05,0.87,-36.15,31.42,-19.22,8.71,-216.37,188.17,-1.52,0.85,2.53125,2.356194490192345,0.0773045865683990,10,2,8,3,0.675588085213701,0.629450828607770
136,35.0,16 x 32,16.0,32.0,0.0,RC Beam,-5.29,2.44,-0.33,0.35,-30.31,30.79,-35.81,30.09,-215.55,78.92,-0.91,0.51,2.53125,1.5707963267948966,0.206768759661548,10,2,8,2,0.672969630187393,0.388610846965234
137,35.0,16 x 32,16.0,32.0,0.0,RC Beam,-3.7,0.62,-0.2,0.18,-42.22,42.83,-15.78,12.76,-286.78,75.13,-0.45,0.38,3.125,1.325359400733194,1.60830235559236,11,2,6,3,0.731506520482203,0.433925165678992
138,32.0,16 x 32,16.0,32.0,0.0,RC Beam,-4.71,1.1,-0.25,0.08,-41.38,43.39,-21.73,14.23,-259.83,80.32,-0.46,0.23,3.0,1.5707963267948966,1.66820903180504,9,3,8,2,0.689084741098537,0.395450264630795
139,35.0,16 x 32,16.0,32.0,0.0,RC Beam,-3.0,3.54,-0.71,0.4,-28.73,30.02,-33.34,24.61,-223.39,68.44,-1.44,0.92,3.0,1.325359400733194,0.372382082277785,9,3,6,3,0.592549825172012,0.395312978411799
140,32.0,16 x 32,16.0,32.0,0.0,RC Beam,-4.06,0.71,-0.21,0.1,-36.48,39.69,-14.86,14.9,-256.42,70.68,-0.43,0.16,3.0,1.325359400733194,1.24108314159791,9,3,6,3,0.680163060882794,0.408251334221888
141,32.0,16 x 32,16.0,32.0,0.0,RC Beam,-3.83,1.2,-0.82,0.79,-25.81,27.89,-33.46,27.71,-192.59,69.84,-1.09,0.78,2.356194490192345,1.325359400733194,0.878143065972719,8,3,6,3,0.644122472820392,0.403576098697729
142,15.0,Level 3 Main Beam,10.0,20.0,0.0,RC Beam,-0.98,0.56,-0.04,0.06,-24.65,16.72,-19.83,17.04,-132.98,93.74,-0.06,0.11,2.53125,1.5707963267948966,5.64018601136239,10,2,8,2,0.746537084436948,0.822688318815792
143,15.0,Level 3 Main Beam,10.0,20.0,0.0,RC Beam,-0.67,0.57,-0.02,0.07,-19.84,17.3,-17.84,17.43,-111.2,88.43,-0.05,0.14,2.0,1.5707963267948966,5.24155549768665,9,2,8,2,0.778264499594934,0.775977758359815
144,15.0,Level 3 Main Beam,10.0,20.0,0.0,RC Beam,-0.65,0.66,-0.07,0.14,-20.54,19.17,-18.58,18.94,-108.55,91.06,-0.07,0.24,2.0,1.5707963267948966,4.12057434063532,9,2,8,2,0.759717728696314,0.799056142443116
145,15.0,Level 3 Main Beam,10.0,20.0,0.0,RC Beam,-0.69,0.57,-0.12,0.11,-19.21,19.26,-18.6,19.54,-103.84,90.39,-0.07,0.19,2.0,1.5707963267948966,4.07211371287534,9,2,8,2,0.726753467967068,0.793176858285013
146,13.0,Level 3 Main Beam,10.0,20.0,0.0,RC Beam,-0.68,0.25,-0.07,0.06,-19.71,21.4,-14.9,16.69,-109.09,94.46,-0.06,0.11,2.0,1.5707963267948966,3.03990234158781,9,2,8,2,0.763497070690750,0.828891315782745
147,15.0,Level 3 Main Beam,10.0,20.0,0.0,RC Beam,-1.05,0.74,-0.07,0.06,-35.67,31.14,-4.25,5.72,-141.66,84.04,-0.06,0.11,2.53125,1.5707963267948966,0.134197498714807,10,2,8,2,0.795265779676178,0.737558420239803
148,15.0,Level 3 Main Beam,10.0,20.0,0.0,RC Beam,-2.04,1.84,-0.61,0.6,-20.91,17.66,-16.17,20.18,-113.12,84.66,-0.45,0.56,2.0,1.5707963267948966,5.00729955322645,9,2,8,2,0.791702160019595,0.742895816156756
149,15.0,Level 3 Main Beam,10.0,20.0,0.0,RC Beam,-2.02,1.66,-0.64,0.64,-16.44,20.47,-17.54,15.85,-115.64,86.19,-0.5,0.61,2.0,1.5707963267948966,3.46196434342839,9,2,8,2,0.809339089326962,0.756321644159589
150,13.0,Level 3 Main Beam,10.0,20.0,0.0,RC Beam,-1.74,1.25,-0.06,0.06,-30.05,32.34,-4.88,3.42,-124.17,88.16,-0.07,0.11,2.0,1.5707963267948966,0.102692946506522,9,2,8,2,0.869038695276106,0.773608494594609
151,14.0,Level 3 Main Beam,10.0,20.0,0.0,RC Beam,-0.84,0.67,-0.02,0.04,-37.01,26.2,-4.22,4.22,-154.44,80.5,-0.03,0.07,2.53125,1.5707963267948966,1.33793550038088,10,2,8,2,0.867011485339467,0.706490395398669
152,15.0,Level 3 Main Beam,10.0,20.0,0.0,RC Beam,-2.03,1.82,-0.49,0.52,-23.26,16.63,-20.21,18.3,-125.81,83.41,-0.29,0.37,2.0,1.5707963267948966,5.70453458268064,9,2,8,2,0.880516696888837,0.731927002428952
153,14.0,Level 3 Main Beam,10.0,20.0,0.0,RC Beam,-2.13,2.02,-0.46,0.49,-19.96,18.5,-17.59,16.69,-105.81,79.37,-0.28,0.34,2.0,1.5707963267948966,4.49615730324211,9,2,8,2,0.740541067465288,0.696475796460687
154,35.0,Level 3 Main Beam,10.0,20.0,0.0,RC Beam,-1.52,1.22,-0.05,0.03,-22.77,18.12,-21.43,18.92,-141.18,29.16,-0.1,0.06,2.53125,0.6135923151542565,4.72151821799002,10,2,5,2,0.799548510241725,0.596182323146221
155,32.0,Level 3 Main Beam,10.0,20.0,0.0,RC Beam,-0.27,0.46,-0.03,0.02,-35.23,24.29,-12.23,14.54,-166.67,30.73,-0.02,0.04,2.53125,0.6135923151542565,1.93459901646682,10,2,5,2,0.943906716262845,0.628281302821789
156,35.0,Level 3 Main Beam,10.0,20.0,0.0,RC Beam,-1.05,0.38,-0.09,0.12,-23.49,17.48,-18.51,22.91,-140.94,25.51,-0.16,0.2,2.53125,0.6135923151542565,5.12322140217272,10,2,5,2,0.798189311754277,0.521557306703021
157,35.0,Level 3 Main Beam,10.0,20.0,0.0,RC Beam,-0.99,0.33,-0.18,0.14,-21.35,16.76,-20.91,15.96,-131.82,22.98,-0.31,0.24,2.53125,0.6135923151542565,5.61180847911570,10,2,5,2,0.746539769231224,0.469830925442392
158,32.0,Level 3 Main Beam,10.0,20.0,0.0,RC Beam,-0.29,0.76,-0.02,0.02,-31.36,22.21,-14.34,12.21,-147.13,25.62,-0.03,0.02,2.53125,0.6135923151542565,2.70109905943175,10,2,5,2,0.833245306076392,0.523806279801310
159,35.0,Level 3 Main Beam,10.0,20.0,0.0,RC Beam,-1.32,1.15,-0.5,0.45,-20.29,16.57,-16.51,19.37,-124.2,20.93,-0.37,0.35,2.0,0.39269908169872414,5.74782197404823,9,2,4,2,0.872821533081216,0.619682242670452
160,15.0,16 x 32,16.0,32.0,0.0,RC Beam,-3.09,0.8,-0.66,0.63,-33.2,18.88,-21.53,12.03,-207.05,134.34,-1.22,0.31,2.405281875404685,1.803961406553514,4.27986812023194,7,4,7,3,0.678956474169364,0.580133908903181
161,15.0,16 x 32,16.0,32.0,0.0,RC Beam,-2.52,0.94,-0.73,0.68,-26.6,23.02,-12.86,17.79,-144.96,116.54,-1.57,0.31,2.0,1.7671458676442586,2.38613857992959,9,2,6,4,0.567326524946340,0.513264671423936
162,15.0,16 x 32,16.0,32.0,0.0,RC Beam,-2.29,0.99,-1.17,1.15,-26.41,22.9,-13.06,16.26,-144.89,111.8,-2.21,0.33,2.0,1.7671458676442586,2.43139345458424,9,2,6,4,0.567052567601236,0.492388795822860
163,15.0,16 x 32,16.0,32.0,0.0,RC Beam,-3.22,2.37,-1.15,1.26,-24.91,25.14,-15.25,14.41,-135.96,112.5,-2.35,0.35,2.0,1.7671458676442586,1.65787231941047,9,2,6,4,0.532103437718711,0.495471731038209
164,13.0,16 x 32,16.0,32.0,0.0,RC Beam,-2.81,1.02,-0.98,0.97,-25.81,23.6,-11.69,11.28,-112.34,117.47,-1.97,0.31,1.7671458676442586,1.7671458676442586,2.17389449618555,6,4,6,4,0.494787476143697,0.517381919375112
165,15.0,16 x 32,16.0,32.0,0.0,RC Beam,-2.5,0.94,-0.09,0.17,-45.38,19.54,-4.64,4.96,-230.37,162.6,-0.16,0.3,3.0,2.356194490192345,3.50469652022881,9,3,8,3,0.610760688522570,0.543946178323307
166,15.0,16 x 32,16.0,32.0,0.0,RC Beam,-3.81,1.6,-0.13,0.85,-21.95,41.25,-3.04,8.58,-182.88,165.97,-0.25,1.47,2.356194490192345,2.356194490192345,1.43051127006111,8,3,8,3,0.611741308042595,0.555176645318403
167,15.0,16 x 32,16.0,32.0,0.0,RC Beam,-6.03,2.75,-1.54,2.38,-19.66,30.85,-12.03,21.63,-207.82,112.09,-0.97,4.25,2.53125,1.7671458676442586,0.194211024634654,10,2,6,4,0.648853816161187,0.493629386006082
168,15.0,16 x 32,16.0,32.0,0.0,RC Beam,-6.92,2.81,-2.01,1.56,-34.03,16.84,-21.13,11.06,-219.92,135.22,-1.12,3.8,2.53125,2.0,4.67361528322020,10,2,9,2,0.686647145646927,0.529227505697879
169,13.0,16 x 32,16.0,32.0,0.0,RC Beam,-5.47,2.45,-0.73,0.48,-34.53,23.36,-7.66,2.8,-123.81,147.7,-0.22,1.33,1.7671458676442586,2.0,2.26044135744773,6,4,9,2,0.545283155731917,0.578049998168973
170,15.0,16 x 32,16.0,32.0,0.0,RC Beam,-5.86,0.39,-0.67,0.73,-36.65,18.7,-21.6,12.71,-209.4,167.09,-0.97,0.83,2.53125,2.356194490192345,4.33951236256435,10,2,8,3,0.653825137698151,0.558935744019090
171,13.0,16 x 32,16.0,32.0,0.0,RC Beam,-2.66,0.73,-0.65,0.75,-32.46,18.89,-9.15,16.08,-172.08,129.95,-0.51,0.91,2.356194490192345,1.7671458676442586,4.27429381206877,8,3,6,4,0.575566289717937,0.572294980553672
172,35.0,16 x 32,16.0,32.0,0.0,RC Beam,-3.89,1.68,-0.36,0.27,-29.49,29.19,-32.43,26.8,-192.19,51.48,-0.78,0.33,2.356194490192345,1.2026409377023426,0.560685512503566,8,3,7,2,0.642772152989211,0.325744660424609
173,32.0,16 x 32,16.0,32.0,0.0,RC Beam,-4.9,0.61,-0.27,0.15,-41.73,36.07,-11.8,10.32,-249.61,49.07,-0.25,0.5,3.0,1.2026409377023426,0.738386190463568,9,3,7,2,0.662173382813885,0.310308379216208
174,32.0,16 x 32,16.0,32.0,0.0,RC Beam,-7.02,1.88,-0.3,0.04,-42.37,41.36,-15.03,9.44,-239.33,46.54,-0.61,0.36,3.0,1.2026409377023426,1.44332905923648,9,3,7,2,0.634902270377177,0.294309190314292
175,32.0,16 x 32,16.0,32.0,0.0,RC Beam,-7.6,0.87,-0.07,0.29,-40.67,39.13,-10.06,15.08,-226.88,40.71,-0.19,0.66,3.0,1.2026409377023426,1.16939917940253,9,3,7,2,0.601874512610930,0.257441494149008
176,35.0,16 x 32,16.0,32.0,0.0,RC Beam,-3.14,1.87,-0.14,0.2,-40.54,37.8,-7.84,10.37,-234.9,40.41,-0.37,0.36,3.0,1.2026409377023426,0.990637298677802,9,3,7,2,0.623150224842681,0.255544357125065
177,35.0,16 x 32,16.0,32.0,0.0,RC Beam,-5.44,1.73,-0.63,0.96,-27.53,28.88,-25.18,30.14,-185.47,36.94,-0.69,1.51,2.356194490192345,1.2026409377023426,0.633791901315066,8,3,7,2,0.620297368306931,0.233741409403361
178,15.0,16 x 32,16.0,32.0,0.0,RC Beam,-2.95,5.17,-0.47,0.12,-22.71,22.92,-30.14,12.47,-110.51,87.58,-1.04,0.42,1.7671458676442586,1.5707963267948966,2.42381806762562,6,4,8,2,0.486747158741716,0.431394962694038
179,15.0,16 x 32,16.0,32.0,0.0,RC Beam,-2.66,6.46,-0.48,0.09,-23.81,23.21,-29.27,19.27,-108.63,82.54,-1.1,0.48,1.7671458676442586,1.5707963267948966,2.31544205557859,6,4,8,2,0.478466598987536,0.406569310581936
180,15.0,16 x 32,16.0,32.0,0.0,RC Beam,-5.55,7.0,-0.43,0.12,-25.25,22.99,-19.39,28.24,-123.02,82.06,-1.09,0.32,1.7671458676442586,1.5707963267948966,2.39740800826355,6,4,8,2,0.541848117531498,0.404204962761735
181,13.0,16 x 32,16.0,32.0,0.0,RC Beam,-3.81,6.84,-0.72,0.33,-23.2,20.85,-10.19,23.33,-101.64,77.73,-1.64,0.64,1.5707963267948966,1.5707963267948966,3.28495971750499,8,2,8,2,0.500709256790263,0.382921394434348
182,14.0,16 x 32,16.0,32.0,0.0,RC Beam,-1.15,10.53,-0.84,1.35,-26.89,12.48,-6.99,26.51,-105.87,104.74,-2.74,0.78,1.5707963267948966,1.5707963267948966,5.91458267340957,8,2,8,2,0.521547510983719,0.515980790596341
183,15.0,16 x 32,16.0,32.0,0.0,RC Beam,-10.59,9.59,-1.39,0.34,-42.34,20.08,-2.72,45.4,-148.63,133.7,-1.47,2.41,2.0,1.803961406553514,3.65059313296709,9,2,7,3,0.581691021143769,0.577394973993486
184,15.0,16 x 32,16.0,32.0,0.0,RC Beam,-15.54,13.45,-3.43,1.31,-28.05,18.28,-1.41,68.47,-173.39,57.14,-1.0,5.9,2.356194490192345,1.2026409377023426,4.62548742395947,8,3,7,2,0.579896267270927,0.361558855801518
185,15.0,16 x 32,16.0,32.0,0.0,RC Beam,-19.09,17.15,-2.64,2.56,-14.35,32.75,-62.66,2.13,-183.3,67.01,-2.78,6.12,2.356194490192345,1.325359400733194,0.179651599695294,8,3,6,3,0.613051816127410,0.387222714400556
186,13.0,16 x 32,16.0,32.0,0.0,RC Beam,-11.37,16.07,-0.55,0.94,-23.36,30.35,-30.8,1.51,-67.52,75.49,-0.54,1.8,1.325359400733194,1.325359400733194,0.300375950905408,6,3,6,3,0.390663097204771,0.436776617416886
187,14.0,16 x 32,16.0,32.0,0.0,RC Beam,-1.39,9.83,-0.21,0.37,-34.54,19.67,-24.94,1.1,-106.11,74.45,-0.63,0.37,1.5707963267948966,1.325359400733194,3.85696035129533,8,2,6,3,0.522821628058734,0.430585976898997
188,15.0,16 x 32,16.0,32.0,0.0,RC Beam,-2.97,10.93,-2.0,0.65,-27.62,14.93,-25.47,13.38,-101.76,121.19,-0.7,2.82,1.5707963267948966,1.7671458676442586,5.75825952527094,8,2,6,4,0.501241737882454,0.533787785430355
189,13.0,16 x 32,16.0,32.0,0.0,RC Beam,-1.91,5.79,-2.16,1.55,-19.24,13.06,-1.35,27.28,-67.36,53.02,-3.59,0.81,1.325359400733194,1.2026409377023426,8.26627484864778,6,3,7,2,0.389830618341091,0.336077633221041
190,35.0,16 x 32,16.0,32.0,0.0,RC Beam,-2.48,5.74,-0.26,0.62,-36.57,39.02,-39.31,29.79,-249.8,33.35,-0.33,1.4,3.0,0.9817477042468103,1.15507662455205,9,3,4,5,0.662842841561188,0.254319472065298
191,26.0,16 x 32,16.0,32.0,0.0,RC Beam,-3.39,1.25,-0.6,0.82,-59.02,39.19,-30.72,15.24,-289.69,76.84,-1.16,1.61,3.125,1.5707963267948966,1.17717759351929,11,2,8,2,0.738747027718806,0.378304895055926
192,6.0,16 x 32,16.0,32.0,0.0,RC Beam,-1.56,4.86,-1.09,0.83,-4.55,81.62,-20.13,10.47,-364.79,120.77,-1.45,1.94,3.796875,1.7671458676442586,1.94858034903190,10,3,6,4,0.771582342035246,0.531795555158893
193,26.0,16 x 32,16.0,32.0,0.0,RC Beam,-3.56,1.14,-0.74,0.66,-68.64,22.04,-35.6,17.56,-342.13,265.44,-1.46,1.13,3.796875,3.0,2.31706188939370,10,3,9,3,0.722428676466682,0.703625885128495
194,6.0,16 x 32,16.0,32.0,0.0,RC Beam,-2.67,11.06,-1.38,1.41,-5.08,176.65,-48.66,6.61,-588.71,444.17,-2.36,2.83,0.0,4.6875,0.900329057956316,11,0,11,3,51.0529662401661,0.782350456235941
195,26.0,16 x 32,16.0,32.0,0.0,RC Beam,-1.1,1.65,-0.91,0.69,-73.81,13.58,-17.47,20.6,-370.68,398.41,-1.67,1.45,3.796875,4.0,2.15476396271485,10,3,9,4,0.782287653391742,0.799480307324954
196,26.0,16 x 32,16.0,32.0,0.0,RC Beam,-5.21,4.76,-1.12,0.54,-67.65,23.21,-13.52,37.94,-331.56,264.13,-2.34,1.12,3.796875,3.0,2.31544205557859,10,3,9,3,0.700109467071853,0.700153349303004
197,6.0,16 x 32,16.0,32.0,0.0,RC Beam,-4.41,20.44,-1.03,1.1,-5.99,175.62,-20.77,31.97,-574.73,455.15,-2.09,2.11,0.0,4.6875,0.905609429950936,11,0,11,3,49.8406198080730,0.801690366651932
198,6.0,16 x 32,16.0,32.0,0.0,RC Beam,-2.79,12.68,-0.64,1.77,-148.33,5.71,-20.9,14.84,-560.72,308.51,-1.78,3.42,0.0,3.796875,1.07222495845738,11,0,10,3,49.4669072933302,0.658844064776336
199,35.0,16 x 32,16.0,32.0,0.0,RC Beam,-1.16,13.29,-0.64,0.49,-45.22,65.43,-9.28,18.53,-504.08,17.7,-0.92,1.25,0.0,0.8835729338221293,2.43073709442126,11,0,6,2,55.3127448658576,0.153436848529518
200,35.0,16 x 32,16.0,32.0,0.0,RC Beam,-6.76,18.08,-1.78,1.17,-30.95,38.63,-13.38,30.64,-269.74,16.3,-3.25,0.78,3.0,0.8835729338221293,1.10363939658351,9,3,6,2,0.715850136434938,0.136822413435299
201,15.0,16 x 32,16.0,32.0,0.0,RC Beam,-1.2,1.99,-0.7,0.69,-17.9,15.68,-13.02,14.54,-69.45,60.48,-1.62,0.08,1.325359400733194,1.2026409377023426,6.42882079783030,6,3,7,2,0.401926016089501,0.383364301343050
202,15.0,16 x 32,16.0,32.0,0.0,RC Beam,-2.65,0.86,-1.28,1.17,-18.89,15.14,-13.71,13.69,-86.64,56.45,-2.48,0.07,1.5707963267948966,1.2026409377023426,6.88103765587709,8,2,7,2,0.426933824529662,0.357618759476844
203,15.0,16 x 32,16.0,32.0,0.0,RC Beam,-2.71,1.21,-1.09,0.89,-19.89,13.86,-12.75,12.98,-93.13,60.96,-2.36,0.11,1.5707963267948966,1.2026409377023426,7.99613514771158,8,2,7,2,0.458914439963613,0.386190249383675
204,13.0,16 x 32,16.0,32.0,0.0,RC Beam,-1.74,0.96,-1.22,0.78,-25.85,9.37,-6.01,13.93,-145.78,83.37,-2.42,0.26,2.0,1.5707963267948966,6.15253880417730,9,2,8,2,0.570528403365523,0.410609134411570
205,15.0,16 x 32,16.0,32.0,0.0,RC Beam,-1.5,3.96,-2.54,1.75,-15.77,18.03,-11.81,3.68,-72.9,56.02,-0.72,4.39,1.325359400733194,1.2026409377023426,4.77628453189013,6,3,7,2,0.421892103281852,0.355093719597184
206,15.0,16 x 32,16.0,32.0,0.0,RC Beam,-0.91,2.29,-1.64,2.02,-19.83,13.9,-8.69,8.53,-88.75,66.4,-0.76,3.63,1.5707963267948966,1.325359400733194,8.02032920262145,8,2,6,3,0.437286019133094,0.384028325938125
207,13.0,16 x 32,16.0,32.0,0.0,RC Beam,-0.95,1.74,-1.18,1.81,-24.22,10.24,-10.3,4.23,-136.3,72.75,-0.76,2.96,2.0,1.325359400733194,6.56660314153523,9,2,6,3,0.533417324819664,0.420530442174708
208,35.0,16 x 32,16.0,32.0,0.0,RC Beam,-2.17,8.2,-0.09,0.41,-29.61,30.76,-24.67,44.76,-183.64,22.85,-0.55,0.95,2.356194490192345,0.8835729338221293,0.213065998373832,8,3,6,2,0.614147865009366,0.192043215134505
209,26.0,16 x 32,16.0,32.0,0.0,RC Beam,-5.82,4.51,-0.36,0.22,-40.46,20.66,-9.77,7.35,-213.12,49.06,-0.8,0.4,2.53125,1.2026409377023426,3.37264811761757,10,2,7,2,0.665392387612590,0.310373777328877
210,6.0,16 x 32,16.0,32.0,0.0,RC Beam,-9.71,1.99,-0.56,1.4,-5.84,63.57,-31.15,18.23,-197.79,160.42,-3.08,1.22,2.356194490192345,2.356194490192345,2.50185823640055,8,3,8,3,0.661615886470609,0.536611661396507
211,15.0,16 x 32,16.0,32.0,0.0,RC Beam,-2.36,0.34,-0.51,0.39,-14.82,11.01,-15.45,10.86,-44.57,33.17,-0.2,0.98,1.2026409377023426,0.9817477042468103,10.7316550666655,7,2,4,5,0.282815478700290,0.254098936120816
212,15.0,16 x 32,16.0,32.0,0.0,RC Beam,-2.43,1.0,-0.4,0.39,-15.45,10.68,-13.51,9.69,-61.49,28.26,-0.17,0.88,1.2026409377023426,0.9817477042468103,10.2940535979277,7,2,4,5,0.390180026593692,0.216485858751108
213,15.0,16 x 32,16.0,32.0,0.0,RC Beam,-2.29,1.28,-0.4,0.41,-16.98,9.85,-11.27,11.55,-72.67,37.68,-0.18,0.88,1.325359400733194,1.2026409377023426,9.36649753168335,6,3,7,2,0.420561030802362,0.238842044884361
214,13.0,16 x 32,16.0,32.0,0.0,RC Beam,-1.57,1.12,-0.38,0.4,-20.19,2.23,-4.48,11.94,-103.08,53.71,-0.24,0.77,1.5707963267948966,1.2026409377023426,7.87732184685405,8,2,7,2,0.507944813394709,0.340260470708615
215,15.0,16 x 32,16.0,32.0,0.0,RC Beam,-1.44,1.1,-1.03,1.05,-12.49,15.2,-8.57,4.58,-52.82,33.98,-1.39,0.61,1.2026409377023426,0.9817477042468103,6.82920461249862,7,2,4,5,0.335165213932002,0.260303944811135
216,15.0,16 x 32,16.0,32.0,0.0,RC Beam,-0.99,0.66,-1.05,0.98,-16.65,10.78,-9.51,5.6,-67.09,40.05,-1.47,0.66,1.325359400733194,1.2026409377023426,9.55213982510410,6,3,7,2,0.388268054995603,0.253864753121514
217,13.0,16 x 32,16.0,32.0,0.0,RC Beam,-0.69,0.53,-1.04,0.78,-18.36,3.71,-11.58,2.04,-90.71,43.76,-1.41,0.64,1.5707963267948966,1.2026409377023426,8.66247974335421,8,2,7,2,0.446989464717055,0.277225808940774
218,35.0,16 x 32,16.0,32.0,0.0,RC Beam,-8.86,2.93,-0.68,0.36,-31.18,29.4,-25.49,38.11,-203.86,15.8,-1.48,0.78,2.405281875404685,0.8835729338221293,0.512037758842826,7,4,6,2,0.668418572404707,0.132776249190065
219,26.0,16 x 32,16.0,32.0,0.0,RC Beam,-2.38,3.61,-0.09,0.27,-38.59,24.07,-5.54,3.65,-186.72,16.39,-0.23,0.62,2.356194490192345,0.8835729338221293,2.00940631948397,8,3,6,2,0.624448319290725,0.137750034838273
220,6.0,16 x 32,16.0,32.0,0.0,RC Beam,-3.06,5.42,-0.91,0.58,-2.64,50.04,-21.46,5.18,-168.31,108.51,-1.29,2.11,2.356194490192345,1.7671458676442586,2.27710011770625,8,3,6,4,0.562956544760727,0.477874015697414
221,15.0,16 x 32,16.0,32.0,0.0,RC Beam,-2.1,0.3,-0.36,0.46,-25.18,26.52,-18.37,18.98,-139.05,105.04,-0.12,0.9,2.0,1.5707963267948966,1.24637670097960,9,2,8,2,0.544189700150748,0.517336973474767
222,15.0,16 x 32,16.0,32.0,0.0,RC Beam,-1.27,0.18,-0.23,0.3,-25.12,25.79,-17.29,17.94,-138.02,103.97,-0.11,0.65,2.0,1.5707963267948966,1.45856572741292,9,2,8,2,0.540158665334816,0.512067070946035
223,15.0,16 x 32,16.0,32.0,0.0,RC Beam,-1.31,0.37,-0.37,0.32,-25.79,26.29,-17.31,18.55,-137.03,105.04,-0.12,0.7,2.0,1.5707963267948966,1.31195930429742,9,2,8,2,0.536284175560280,0.517336973474767
224,13.0,16 x 32,16.0,32.0,0.0,RC Beam,-2.03,0.73,-0.37,0.3,-26.02,25.97,-12.3,14.26,-128.62,106.28,-0.1,0.75,1.7671458676442586,1.5707963267948966,1.40513708548245,6,4,8,2,0.566513614671609,0.523506013189340
225,14.0,16 x 32,16.0,32.0,0.0,RC Beam,-3.08,1.75,-0.24,0.25,-31.14,26.47,-9.08,22.96,-172.67,120.63,-0.15,0.56,2.356194490192345,1.7671458676442586,1.26053683830673,8,3,6,4,0.577539698079941,0.531250046203843
226,15.0,16 x 32,16.0,32.0,0.0,RC Beam,-1.26,0.12,-0.12,0.13,-36.45,30.96,-4.75,5.5,-162.34,91.05,-0.13,0.23,2.356194490192345,1.5707963267948966,0.171314926032917,8,3,8,2,0.542971734899747,0.448367869385328
227,15.0,16 x 32,16.0,32.0,0.0,RC Beam,-0.4,0.27,-0.15,0.14,-35.81,32.01,-4.76,5.41,-171.15,91.19,-0.11,0.26,2.356194490192345,1.5707963267948966,0.0393186469859694,8,3,8,2,0.572438169447405,0.449057287306404
228,15.0,16 x 32,16.0,32.0,0.0,RC Beam,-0.4,0.27,-0.14,0.14,-30.51,35.91,-5.2,4.45,-172.73,91.45,-0.09,0.24,2.356194490192345,1.5707963267948966,0.713828735450318,8,3,8,2,0.577722728651184,0.450337634874116
229,13.0,16 x 32,16.0,32.0,0.0,RC Beam,-1.17,0.39,-0.11,0.09,-28.65,32.83,-4.91,3.95,-139.82,90.75,-0.1,0.21,2.0,1.5707963267948966,0.194443798051201,9,2,8,2,0.547203192197609,0.446956686432170
230,14.0,16 x 32,16.0,32.0,0.0,RC Beam,-2.7,1.13,-0.08,0.08,-37.39,31.4,-4.21,4.45,-169.02,92.23,-0.1,0.15,2.356194490192345,1.5707963267948966,0.0813347168783158,8,3,8,2,0.565314048495474,0.454178677577252
231,15.0,16 x 32,16.0,32.0,0.0,RC Beam,-2.22,0.8,-0.4,0.59,-23.62,18.06,-21.35,21.94,-112.37,73.51,-1.14,0.14,1.7671458676442586,1.325359400733194,4.75796844462786,6,4,6,3,0.494969280199463,0.425036581726603
232,15.0,16 x 32,16.0,32.0,0.0,RC Beam,-2.39,1.83,-0.34,0.73,-27.25,20.67,-20.55,19.26,-157.61,96.23,-1.62,0.21,2.0,1.5707963267948966,3.36799274842666,9,2,8,2,0.616826599358212,0.473946467607357
233,15.0,16 x 32,16.0,32.0,0.0,RC Beam,-2.99,2.03,-1.01,0.43,-19.86,28.71,-22.23,21.14,-163.78,97.66,-1.94,0.31,2.356194490192345,1.5707963267948966,0.674552772900700,8,3,8,2,0.547788042022179,0.480918244087547
234,13.0,16 x 32,16.0,32.0,0.0,RC Beam,-2.05,1.04,-0.48,0.31,-18.2,21.67,-17.29,14.08,-94.45,68.73,-0.99,0.09,1.5707963267948966,1.325359400733194,2.92415367374154,8,2,6,3,0.465370867685868,0.397504018700713
235,14.0,16 x 32,16.0,32.0,0.0,RC Beam,-2.47,1.7,-0.29,0.21,-24.96,24.51,-26.0,9.5,-126.57,97.94,-0.59,0.2,1.7671458676442586,1.5707963267948966,1.86113464341000,6,4,8,2,0.557484280897104,0.482425469813360
236,35.0,16 x 32,16.0,32.0,0.0,RC Beam,-2.42,0.67,-0.42,0.26,-35.15,37.75,-34.65,29.68,-254.18,50.42,-0.91,0.11,3.0,1.2026409377023426,0.983671255364793,9,3,7,2,0.674296824821255,0.318845495823949
237,35.0,16 x 32,16.0,32.0,0.0,RC Beam,-2.68,0.43,-0.1,0.02,-60.25,65.2,-9.05,7.51,-423.72,47.08,-0.18,0.05,4.6875,1.2026409377023426,2.43931178049054,11,3,7,2,0.735833544405024,0.297457047745479
238,35.0,16 x 32,16.0,32.0,0.0,RC Beam,-3.53,0.25,-0.13,0.11,-61.05,65.47,-9.16,8.87,-430.12,45.93,-0.05,0.21,4.6875,1.2026409377023426,2.42925199462324,11,3,7,2,0.746947805436347,0.290191210767839
239,35.0,16 x 32,16.0,32.0,0.0,RC Beam,-6.45,0.85,-0.25,0.28,-62.62,66.14,-9.18,9.37,-433.21,46.86,-0.41,0.39,4.6875,1.2026409377023426,2.40464360580561,11,3,7,2,0.752313909590533,0.296067061541061
240,35.0,16 x 32,16.0,32.0,0.0,RC Beam,-3.26,0.26,-0.07,0.1,-58.17,62.96,-8.2,9.45,-411.93,40.99,-0.18,0.08,4.6875,1.2026409377023426,2.52609796836060,11,3,7,2,0.715358991661384,0.258979702359541
241,35.0,16 x 32,16.0,32.0,0.0,RC Beam,-2.37,0.36,-0.03,0.12,-55.63,60.75,-7.23,7.99,-395.84,39.54,-0.05,0.23,4.0,1.2026409377023426,2.61799387799149,9,4,7,2,0.798175782089496,0.249890379130670
242,32.0,16 x 32,16.0,32.0,0.0,RC Beam,-2.37,0.38,-0.4,0.33,-30.11,32.57,-31.76,26.32,-212.06,44.68,-0.79,0.31,2.53125,1.2026409377023426,0.146103466073715,10,2,7,2,0.662082909708737,0.282664092357404
243,15.0,16 x 32,16.0,32.0,0.0,RC Beam,-0.02,0.74,-1.02,1.06,-21.09,22.38,-17.9,18.22,-111.1,74.49,-1.95,0.07,1.7671458676442586,1.325359400733194,2.63310590303749,6,4,6,3,0.489375162678298,0.430702965213095
244,15.0,16 x 32,16.0,32.0,0.0,RC Beam,-0.02,0.41,-0.78,0.78,-21.69,21.79,-17.26,17.45,-109.73,76.9,-1.66,0.06,1.7671458676442586,1.5707963267948966,2.87363056952635,6,4,8,2,0.483311607354343,0.378788223694583
245,15.0,16 x 32,16.0,32.0,0.0,RC Beam,-0.02,0.6,-1.05,0.99,-21.76,22.49,-16.98,18.32,-110.7,76.68,-1.98,0.05,1.7671458676442586,1.5707963267948966,2.58965807514358,6,4,8,2,0.487584023823255,0.377704564276991
246,13.0,16 x 32,16.0,32.0,0.0,RC Beam,-0.05,0.32,-0.88,0.85,-21.69,21.24,-11.98,13.71,-103.34,79.24,-1.7,0.05,1.5707963267948966,1.5707963267948966,3.10988277353951,8,2,8,2,0.509083968877468,0.390360109288277
247,14.0,16 x 32,16.0,32.0,0.0,RC Beam,-0.68,1.17,-0.78,0.33,-24.83,24.26,-8.62,21.93,-125.22,92.71,-1.61,0.15,1.7671458676442586,1.5707963267948966,1.94472011994967,6,4,8,2,0.551538134265113,0.456663930022428
248,15.0,16 x 32,16.0,32.0,0.0,RC Beam,-0.37,0.06,-0.16,0.18,-30.91,29.42,-4.09,4.1,-131.05,64.45,-0.31,0.06,1.803961406553514,1.227184630308513,0.507440860298407,7,3,5,4,0.566020483497649,0.400494305554031
249,15.0,16 x 32,16.0,32.0,0.0,RC Beam,-0.22,0.07,-0.19,0.2,-31.43,29.72,-4.29,4.34,-136.3,67.11,-0.34,0.06,2.0,1.325359400733194,0.439229815275205,9,2,6,3,0.533417324819664,0.387928494492710
250,15.0,16 x 32,16.0,32.0,0.0,RC Beam,-0.18,0.1,-0.2,0.18,-28.27,31.21,-4.1,4.02,-136.8,66.62,-0.33,0.06,2.0,1.325359400733194,0.119878568086482,9,2,6,3,0.535374101506457,0.385096055775657
251,13.0,16 x 32,16.0,32.0,0.0,RC Beam,-0.57,0.1,-0.15,0.14,-26.15,27.54,-3.72,3.55,-115.73,68.09,-0.27,0.06,1.7671458676442586,1.325359400733194,0.968733119461842,6,4,6,3,0.509769465137349,0.393698011831919
252,14.0,16 x 32,16.0,32.0,0.0,RC Beam,-0.37,1.29,-0.12,0.1,-30.56,31.22,-3.21,3.71,-121.83,72.72,-0.23,0.07,1.7671458676442586,1.325359400733194,0.117838248237640,6,4,6,3,0.536638848506724,0.420468782793614
253,15.0,16 x 32,16.0,32.0,0.0,RC Beam,-0.02,1.0,-1.29,1.27,-19.78,17.53,-20.89,21.68,-92.84,55.1,-0.07,2.43,1.5707963267948966,1.2026409377023426,5.09078209412317,8,2,7,2,0.457485414004315,0.349066317930454
254,15.0,16 x 32,16.0,32.0,0.0,RC Beam,-0.03,0.98,-0.98,0.97,-21.24,18.6,-19.19,19.58,-108.23,65.69,-0.05,2.14,1.7671458676442586,1.325359400733194,4.43838226397737,6,4,6,3,0.476733338043854,0.379821154313978
255,15.0,16 x 32,16.0,32.0,0.0,RC Beam,-0.05,1.31,-1.24,1.34,-18.04,21.92,-22.39,19.9,-110.75,63.39,-0.06,2.54,1.7671458676442586,1.227184630308513,2.81952144662313,6,4,5,4,0.487846923805046,0.393930635059250
256,13.0,16 x 32,16.0,32.0,0.0,RC Beam,-0.02,0.54,-1.04,1.08,-17.11,18.62,-17.12,13.8,-84.37,56.58,-0.09,2.12,1.5707963267948966,1.2026409377023426,4.42690172448867,8,2,7,2,0.415748000641362,0.358442327922052
257,14.0,16 x 32,16.0,32.0,0.0,RC Beam,-0.53,1.15,-0.43,0.94,-20.24,22.31,-25.26,9.52,-94.0,73.98,-0.11,1.96,1.5707963267948966,1.325359400733194,2.66097759345491,8,2,6,3,0.463153642800122,0.427867704109977
258,35.0,16 x 32,16.0,32.0,0.0,RC Beam,-0.27,6.6,-0.38,0.29,-34.59,37.7,-33.18,27.34,-260.28,34.71,-0.09,0.99,3.0,0.9817477042468103,0.976686734483313,9,3,4,5,0.690651460374483,0.264690521001094
259,35.0,16 x 32,16.0,32.0,0.0,RC Beam,-0.17,8.42,-0.07,0.04,-60.16,66.54,-6.87,5.8,-441.86,32.39,-0.13,0.09,4.6875,0.9817477042468103,2.39018827904994,11,3,4,5,0.768737437195283,0.246631214359108
260,35.0,16 x 32,16.0,32.0,0.0,RC Beam,-0.13,8.66,-0.05,0.06,-60.49,65.97,-6.09,6.01,-443.18,31.28,-0.08,0.13,4.6875,0.9817477042468103,2.41084020142464,11,3,4,5,0.771033941556614,0.238179202999472
261,35.0,16 x 32,16.0,32.0,0.0,RC Beam,-0.09,8.91,-0.05,0.04,-60.89,66.42,-6.84,6.69,-444.72,29.74,-0.08,0.08,4.6875,0.9817477042468103,2.39450659572393,11,3,4,5,0.773713196644834,0.226452989041058
262,35.0,16 x 32,16.0,32.0,0.0,RC Beam,-0.11,8.24,-0.09,0.09,-57.82,63.51,-6.97,8.11,-424.19,28.09,-0.18,0.08,4.6875,0.9817477042468103,2.50422182472025,11,3,4,5,0.737995594722010,0.213889188371329
263,35.0,16 x 32,16.0,32.0,0.0,RC Beam,-0.13,7.71,-0.06,0.08,-55.56,61.83,-5.53,6.05,-410.34,27.14,-0.12,0.16,4.6875,0.9203884727313847,2.57226472728422,11,3,5,3,0.714298710077241,0.219146485215471
264,35.0,16 x 32,16.0,32.0,0.0,RC Beam,-0.17,6.29,-0.26,0.38,-33.53,37.1,-26.24,30.99,-254.21,25.42,-1.0,0.17,3.0,0.9203884727313847,0.891404040162288,9,3,5,3,0.674600342983040,0.205607982638422
