ID,L,Section,B,H,RECT_TH (in),Type,MIN FX,MAX FX,MIN FY,MAX FY,MIN FZ,MAX FZ,MIN MX,MAX MX,MIN MY,MAX MY,MIN MZ,MAX MZ
265,9.0,18 x 18,18.0,18.0,0.0,RC Column,-89.07,459.48,-11.19,18.06,-5.52,27.32,-0.36,0.44,-121.96,123.88,-77.34,85.25
266,9.0,18 x 18,18.0,18.0,0.0,RC Column,-92.9,741.66,-13.75,27.06,-16.06,11.88,-0.53,0.5,-72.05,72.47,-119.52,123.98
267,9.0,18 x 18,18.0,18.0,0.0,RC Column,-91.43,440.28,-15.04,22.96,-24.98,6.25,-0.66,0.58,-113.33,111.49,-99.76,106.87
268,9.0,18 x 18,18.0,18.0,0.0,RC Column,-15.41,465.92,-19.12,17.61,-5.46,41.37,-0.51,0.48,-178.13,194.23,-87.63,84.45
269,9.0,18 x 18,18.0,18.0,0.0,RC Column,-5.55,819.56,-22.33,23.72,-16.99,11.72,-0.52,0.5,-76.45,76.43,-105.02,108.5
270,9.0,18 x 18,18.0,18.0,0.0,RC Column,-21.23,527.78,-24.79,27.7,-35.51,6.33,-0.5,0.5,-165.97,154.54,-123.58,125.68
271,9.0,18 x 18,18.0,18.0,0.0,RC Column,-3.69,322.66,-23.76,16.3,-5.54,44.05,-0.53,0.51,-187.31,209.15,-107.55,106.28
272,9.0,18 x 18,18.0,18.0,0.0,RC Column,-7.1,706.88,-26.19,21.0,-16.38,11.22,-0.52,0.5,-74.35,73.08,-117.89,117.83
273,9.0,18 x 18,18.0,18.0,0.0,RC Column,-21.7,571.1,-24.99,26.09,-34.87,6.02,-0.5,0.49,-162.44,151.35,-115.59,119.2
274,9.0,18 x 18,18.0,18.0,0.0,RC Column,-3.21,104.89,-25.47,26.11,-7.33,49.85,-0.66,0.64,-202.65,245.98,-123.11,120.21
275,9.0,18 x 18,18.0,18.0,0.0,RC Column,-15.36,593.62,-23.23,23.35,-15.97,10.68,-0.52,0.5,-73.65,70.12,-106.08,106.89
276,9.0,18 x 18,18.0,18.0,0.0,RC Column,-21.07,567.28,-25.11,25.46,-33.73,5.68,-0.5,0.49,-156.37,147.18,-114.73,116.62
277,9.0,18 x 18,18.0,18.0,0.0,RC Column,-70.72,299.68,-19.11,22.68,-4.88,41.37,-0.5,0.51,-175.8,196.53,-100.46,103.69
278,9.0,18 x 18,18.0,18.0,0.0,RC Column,-13.24,647.08,-23.08,24.16,-15.14,10.19,-0.51,0.5,-68.71,67.52,-107.43,109.99
279,9.0,18 x 18,18.0,18.0,0.0,RC Column,-18.68,521.76,-26.51,24.61,-33.0,5.45,-0.5,0.49,-153.65,143.31,-120.41,118.16
280,9.0,18 x 18,18.0,18.0,0.0,RC Column,-11.93,316.73,-18.4,19.1,-4.52,37.54,-0.46,0.48,-161.59,176.3,-85.01,88.41
281,9.0,18 x 18,18.0,18.0,0.0,RC Column,-4.68,637.69,-24.47,21.5,-14.68,9.84,-0.51,0.5,-66.04,66.04,-110.7,109.55
282,9.0,18 x 18,18.0,18.0,0.0,RC Column,-20.56,438.26,-27.65,23.62,-31.99,5.25,-0.52,0.49,-149.43,138.46,-124.66,124.14
283,9.0,18 x 18,18.0,18.0,0.0,RC Column,0.0,290.01,-17.46,9.01,-3.92,24.26,-0.46,0.39,-108.15,111.59,-81.82,75.28
284,9.0,18 x 18,18.0,18.0,0.0,RC Column,-13.28,509.2,-26.36,8.28,-13.18,9.15,-0.5,0.5,-59.1,59.54,-120.01,117.2
285,9.0,18 x 18,18.0,18.0,0.0,RC Column,-33.14,308.43,-22.96,11.62,-22.4,4.9,-0.55,0.63,-101.73,99.85,-105.88,100.77
286,15.0,18 x 18,18.0,18.0,0.0,RC Column,-68.59,391.71,-16.62,19.78,-6.86,16.85,-0.76,0.68,-128.24,124.5,-145.75,150.93
287,15.0,18 x 18,18.0,18.0,0.0,RC Column,-70.83,626.85,-18.18,24.28,-11.1,10.59,-0.6,0.61,-83.08,83.47,-180.72,183.55
288,15.0,18 x 18,18.0,18.0,0.0,RC Column,-69.22,373.36,-18.86,22.74,-14.56,7.61,-0.51,0.57,-108.52,109.88,-169.32,171.8
289,15.0,18 x 18,18.0,18.0,0.0,RC Column,-12.54,379.06,-21.3,20.56,-6.68,20.78,-0.63,0.63,-160.08,151.61,-159.47,160.09
290,15.0,18 x 18,18.0,18.0,0.0,RC Column,-6.51,746.77,-22.55,23.49,-10.83,10.32,-0.61,0.61,-79.95,82.52,-175.48,176.84
291,15.0,18 x 18,18.0,18.0,0.0,RC Column,-15.59,443.84,-23.71,25.61,-17.8,7.52,-0.61,0.6,-131.74,135.28,-192.15,192.02
292,15.0,18 x 18,18.0,18.0,0.0,RC Column,-1.09,244.17,-21.95,16.87,-6.46,19.53,-0.66,0.65,-157.36,135.56,-167.69,161.62
293,15.0,18 x 18,18.0,18.0,0.0,RC Column,-6.08,604.99,-25.27,21.46,-8.94,10.43,-0.6,0.6,-74.25,84.24,-187.56,191.54
294,15.0,18 x 18,18.0,18.0,0.0,RC Column,-17.22,487.17,-23.89,24.64,-17.42,7.29,-0.6,0.6,-129.67,131.7,-184.36,185.25
295,15.0,18 x 18,18.0,18.0,0.0,RC Column,-14.87,425.9,-23.02,23.18,-7.65,12.2,-0.58,0.58,-79.22,103.82,-173.5,174.86
296,15.0,18 x 18,18.0,18.0,0.0,RC Column,-16.84,484.83,-23.99,24.21,-17.03,7.12,-0.6,0.59,-127.95,127.52,-180.8,182.33
297,15.0,18 x 18,18.0,18.0,0.0,RC Column,-67.48,227.35,-18.82,21.23,-6.01,18.24,-0.64,0.66,-147.28,126.37,-154.26,164.19
298,15.0,18 x 18,18.0,18.0,0.0,RC Column,-10.53,544.59,-22.91,24.34,-8.17,9.62,-0.59,0.59,-68.27,77.86,-183.36,181.81
299,15.0,18 x 18,18.0,18.0,0.0,RC Column,-15.25,442.63,-24.58,23.64,-16.27,6.74,-0.6,0.6,-121.05,122.99,-184.4,184.35
300,15.0,18 x 18,18.0,18.0,0.0,RC Column,-7.69,236.05,-20.95,21.45,-5.75,18.52,-0.62,0.63,-143.18,134.6,-160.42,161.36
301,15.0,18 x 18,18.0,18.0,0.0,RC Column,-3.71,556.07,-23.93,21.96,-9.15,8.88,-0.6,0.61,-67.14,70.17,-178.99,179.98
302,15.0,18 x 18,18.0,18.0,0.0,RC Column,-17.29,364.3,-25.52,22.84,-15.52,6.46,-0.59,0.61,-114.54,118.22,-190.64,192.17
303,15.0,18 x 18,18.0,18.0,0.0,RC Column,0.0,223.03,-19.43,15.81,-5.32,14.51,-0.63,0.75,-110.94,106.75,-147.51,143.96
304,15.0,18 x 18,18.0,18.0,0.0,RC Column,-9.08,394.82,-24.05,15.48,-8.89,8.45,-0.61,0.6,-66.41,66.98,-180.81,180.01
305,15.0,18 x 18,18.0,18.0,0.0,RC Column,-23.72,240.59,-22.9,17.01,-12.42,6.17,-0.59,0.54,-92.23,94.09,-171.84,171.62
306,11.0,18 x 18,18.0,18.0,0.0,RC Column,-45.5,323.03,-13.09,17.69,-4.99,19.0,-0.39,0.41,-115.81,93.17,-86.45,115.54
307,11.0,18 x 18,18.0,18.0,0.0,RC Column,-45.19,518.55,-15.08,25.11,-11.5,9.45,-0.36,0.35,-63.0,75.1,-119.6,156.58
308,11.0,18 x 18,18.0,18.0,0.0,RC Column,-43.95,304.96,-14.37,20.11,-16.99,5.35,-0.45,0.42,-80.82,106.03,-94.99,131.33
309,11.0,18 x 18,18.0,18.0,0.0,RC Column,-7.68,290.32,-22.22,21.02,-5.38,25.84,-0.38,0.37,-151.31,132.91,-138.81,132.27
310,11.0,18 x 18,18.0,18.0,0.0,RC Column,-10.02,573.2,-23.7,25.4,-11.51,10.02,-0.38,0.36,-64.33,72.94,-145.04,155.93
311,11.0,18 x 18,18.0,18.0,0.0,RC Column,-13.25,355.44,-23.26,26.49,-23.76,5.84,-0.38,0.36,-120.84,140.52,-145.62,166.15
312,11.0,18 x 18,18.0,18.0,0.0,RC Column,-1.35,172.47,-19.43,10.61,-4.54,18.42,-0.36,0.38,-111.25,91.37,-126.04,87.69
313,11.0,18 x 18,18.0,18.0,0.0,RC Column,-5.4,444.27,-29.36,20.49,-8.78,15.17,-0.4,0.37,-91.63,75.25,-177.85,145.11
314,11.0,18 x 18,18.0,18.0,0.0,RC Column,-12.05,387.98,-23.68,25.12,-24.42,5.71,-0.38,0.36,-125.75,142.84,-148.06,157.14
315,11.0,18 x 18,18.0,18.0,0.0,RC Column,-10.02,348.25,-22.97,23.29,-5.81,24.19,-0.38,0.39,-139.22,126.87,-144.0,146.41
316,11.0,18 x 18,18.0,18.0,0.0,RC Column,-11.43,385.49,-23.83,24.24,-24.66,5.65,-0.38,0.37,-127.1,144.19,-149.05,151.97
317,11.0,18 x 18,18.0,18.0,0.0,RC Column,-39.12,156.16,-14.22,18.32,-4.26,16.96,-0.42,0.36,-102.41,84.21,-93.01,118.76
318,11.0,18 x 18,18.0,18.0,0.0,RC Column,-8.45,403.45,-23.97,27.71,-7.84,14.09,-0.37,0.38,-84.77,70.22,-147.26,169.19
319,11.0,18 x 18,18.0,18.0,0.0,RC Column,-11.13,350.34,-25.19,23.4,-22.92,5.21,-0.37,0.37,-118.47,133.65,-155.64,146.21
320,11.0,18 x 18,18.0,18.0,0.0,RC Column,-4.66,160.68,-21.95,22.99,-4.54,23.0,-0.39,0.36,-133.86,119.12,-136.4,142.8
321,11.0,18 x 18,18.0,18.0,0.0,RC Column,-2.89,410.36,-26.23,22.99,-9.27,8.51,-0.37,0.36,-54.53,59.09,-159.67,139.99
322,11.0,18 x 18,18.0,18.0,0.0,RC Column,-13.74,296.8,-26.72,22.23,-21.01,4.93,-0.37,0.37,-108.15,122.96,-165.49,138.29
323,11.0,18 x 18,18.0,18.0,0.0,RC Column,-0.78,154.81,-17.2,11.8,-3.83,16.93,-0.41,0.34,-101.12,85.07,-111.0,78.71
324,11.0,18 x 18,18.0,18.0,0.0,RC Column,-4.6,285.42,-24.89,10.35,-9.25,7.48,-0.38,0.37,-49.51,59.84,-153.98,119.78
325,11.0,18 x 18,18.0,18.0,0.0,RC Column,-13.47,170.44,-20.45,11.61,-15.09,4.36,-0.4,0.49,-74.01,91.98,-132.51,92.41
326,11.0,18 x 18,18.0,18.0,0.0,RC Column,-32.72,277.11,-11.42,16.43,-4.61,18.45,-0.37,0.36,-84.83,118.07,-111.67,80.61
327,11.0,18 x 18,18.0,18.0,0.0,RC Column,-30.03,443.0,-13.42,24.37,-10.59,7.47,-0.38,0.38,-71.26,53.71,-156.67,111.4
328,11.0,18 x 18,18.0,18.0,0.0,RC Column,-30.16,258.89,-12.88,19.3,-16.46,4.68,-0.39,0.43,-104.74,76.3,-131.38,90.87
329,11.0,18 x 18,18.0,18.0,0.0,RC Column,-5.04,240.28,-19.14,17.35,-4.98,25.3,-0.36,0.36,-124.75,153.6,-111.06,123.59
330,11.0,18 x 18,18.0,18.0,0.0,RC Column,-9.72,482.99,-20.66,22.56,-10.69,7.99,-0.37,0.38,-69.84,54.6,-140.54,129.23
331,11.0,18 x 18,18.0,18.0,0.0,RC Column,-13.66,307.52,-20.21,24.38,-22.49,5.05,-0.37,0.38,-133.85,113.52,-156.58,129.98
332,11.0,18 x 18,18.0,18.0,0.0,RC Column,-1.44,124.45,-18.6,8.76,-4.2,19.02,-0.36,0.33,-87.34,121.92,-77.23,127.36
333,11.0,18 x 18,18.0,18.0,0.0,RC Column,-4.79,364.32,-27.71,17.44,-7.19,10.95,-0.37,0.39,-53.71,66.74,-131.73,173.13
334,11.0,18 x 18,18.0,18.0,0.0,RC Column,-9.49,335.63,-21.11,22.95,-21.59,4.88,-0.37,0.37,-124.77,112.72,-147.07,135.9
335,11.0,18 x 18,18.0,18.0,0.0,RC Column,-7.74,291.46,-20.57,21.07,-4.82,17.82,-0.37,0.36,-97.86,98.13,-135.86,132.82
336,11.0,18 x 18,18.0,18.0,0.0,RC Column,-8.85,332.81,-21.29,21.86,-20.57,4.71,-0.38,0.37,-116.86,109.45,-140.35,137.11
337,11.0,18 x 18,18.0,18.0,0.0,RC Column,-23.21,108.85,-12.39,16.85,-3.83,17.54,-0.38,0.39,-80.13,112.87,-114.32,86.47
338,11.0,18 x 18,18.0,18.0,0.0,RC Column,-6.77,331.01,-21.29,25.74,-6.26,9.75,-0.43,0.38,-48.29,58.97,-160.48,134.12
339,11.0,18 x 18,18.0,18.0,0.0,RC Column,-9.39,301.83,-22.49,20.7,-19.9,4.38,-0.4,0.37,-114.12,104.78,-132.48,143.43
340,11.0,18 x 18,18.0,18.0,0.0,RC Column,-2.9,113.48,-18.25,19.54,-4.03,22.23,-0.39,0.37,-110.19,134.37,-123.77,116.1
341,11.0,18 x 18,18.0,18.0,0.0,RC Column,-3.17,326.64,-23.81,19.44,-8.86,6.44,-0.41,0.38,-59.01,44.51,-120.03,149.11
342,11.0,18 x 18,18.0,18.0,0.0,RC Column,-11.3,253.43,-24.52,18.62,-18.89,4.14,-0.41,0.37,-109.96,97.83,-117.81,156.97
343,11.0,18 x 18,18.0,18.0,0.0,RC Column,-1.22,109.45,-15.59,10.06,-3.33,15.77,-0.38,0.38,-74.64,98.82,-72.52,106.55
344,11.0,18 x 18,18.0,18.0,0.0,RC Column,-2.37,209.7,-24.03,8.11,-8.18,5.48,-0.4,0.36,-54.8,39.98,-109.45,154.86
345,11.0,18 x 18,18.0,18.0,0.0,RC Column,-8.67,123.57,-19.63,9.58,-13.69,3.55,-0.46,0.37,-84.08,66.46,-81.76,134.18
346,11.0,18 x 18,18.0,18.0,0.0,RC Column,-18.89,215.26,-8.59,16.09,-3.94,19.37,-0.22,0.19,-101.07,111.96,-90.45,86.57
347,11.0,18 x 18,18.0,18.0,0.0,RC Column,-14.49,342.71,-10.02,25.18,-10.37,6.4,-0.26,0.22,-53.47,60.62,-142.35,134.67
348,11.0,18 x 18,18.0,18.0,0.0,RC Column,-14.72,195.85,-10.45,21.04,-23.05,3.93,-0.22,0.23,-134.77,118.81,-119.75,111.69
349,11.0,18 x 18,18.0,18.0,0.0,RC Column,-1.5,205.73,-15.41,12.6,-3.87,26.71,-0.24,0.22,-137.81,155.98,-84.28,85.21
350,11.0,18 x 18,18.0,18.0,0.0,RC Column,-9.02,394.15,-15.33,18.28,-8.61,6.18,-0.26,0.23,-42.03,53.05,-101.2,99.93
351,11.0,18 x 18,18.0,18.0,0.0,RC Column,-13.89,262.48,-16.26,23.47,-29.75,3.67,-0.24,0.24,-176.72,150.55,-130.96,127.25
352,11.0,18 x 18,18.0,18.0,0.0,RC Column,-0.38,55.67,-23.5,5.35,-3.97,21.53,-0.32,0.27,-111.05,125.8,-119.29,139.21
353,11.0,18 x 18,18.0,18.0,0.0,RC Column,-4.25,294.08,-27.18,12.78,-6.47,23.44,-0.27,0.24,-92.69,165.19,-144.07,154.88
354,11.0,18 x 18,18.0,18.0,0.0,RC Column,-6.4,293.15,-17.83,21.4,-33.11,3.28,-0.27,0.24,-207.06,157.14,-119.89,115.46
355,11.0,18 x 18,18.0,18.0,0.0,RC Column,-5.4,229.88,-18.22,19.61,-4.61,43.47,-0.35,0.28,-169.54,310.69,-110.47,105.2
356,11.0,18 x 18,18.0,18.0,0.0,RC Column,-5.89,293.36,-18.2,19.65,-34.68,2.97,-0.29,0.26,-222.79,158.69,-109.75,106.44
357,11.0,18 x 18,18.0,18.0,0.0,RC Column,-6.5,45.45,-9.4,17.19,-3.32,18.74,-0.53,0.48,-97.1,109.09,-100.29,88.76
358,11.0,18 x 18,18.0,18.0,0.0,RC Column,-5.89,270.85,-17.28,23.96,-5.54,22.84,-0.4,0.35,-87.16,164.11,-134.97,128.57
359,11.0,18 x 18,18.0,18.0,0.0,RC Column,-7.0,257.17,-18.72,17.13,-32.75,2.52,-0.28,0.28,-207.3,152.92,-101.4,104.52
360,11.0,18 x 18,18.0,18.0,0.0,RC Column,-0.82,72.6,-12.66,14.87,-3.12,26.76,-0.53,0.45,-130.58,163.78,-83.58,80.04
361,11.0,18 x 18,18.0,18.0,0.0,RC Column,-3.77,242.05,-19.36,13.09,-5.29,10.51,-0.41,0.38,-35.4,81.72,-105.02,107.95
362,11.0,18 x 18,18.0,18.0,0.0,RC Column,-9.27,211.6,-21.43,13.04,-29.97,2.27,-0.29,0.3,-186.55,143.17,-117.42,118.33
363,11.0,18 x 18,18.0,18.0,0.0,RC Column,-0.55,50.3,-14.74,6.42,-2.68,19.37,-0.57,0.46,-91.12,121.92,-75.36,86.79
364,11.0,18 x 18,18.0,18.0,0.0,RC Column,-0.5,108.07,-27.08,2.39,-9.24,4.47,-0.38,0.37,-49.49,52.15,-138.0,159.89
365,11.0,18 x 18,18.0,18.0,0.0,RC Column,-2.75,57.89,-24.09,5.0,-22.9,2.57,-0.28,0.36,-142.0,109.91,-122.01,143.01
366,11.0,18 x 18,18.0,18.0,0.0,RC Column,-9.42,155.34,-7.86,14.62,-2.41,19.3,-0.14,0.86,-114.94,99.15,-80.24,80.57
367,11.0,18 x 18,18.0,18.0,0.0,RC Column,-3.36,208.06,-5.03,13.38,-4.36,3.39,-0.25,0.9,-28.18,20.24,-61.72,85.42
368,11.0,18 x 18,18.0,18.0,0.0,RC Column,-1.1,24.23,-3.86,11.07,-4.31,8.42,-0.25,0.83,-53.16,39.44,-53.27,68.51
369,11.0,18 x 18,18.0,18.0,0.0,RC Column,-4.22,136.78,-6.67,13.34,-20.45,2.44,-0.25,0.7,-111.54,114.97,-76.55,70.15
370,11.0,18 x 18,18.0,18.0,0.0,RC Column,-0.63,127.16,-10.46,9.31,-2.67,25.77,-0.19,0.91,-161.41,122.1,-61.21,53.82
371,11.0,18 x 18,18.0,18.0,0.0,RC Column,-4.69,258.94,-8.4,7.19,-4.13,8.34,-0.23,0.88,-47.27,44.98,-51.28,46.61
372,11.0,18 x 18,18.0,18.0,0.0,RC Column,-4.41,31.41,-8.54,11.76,-4.72,15.62,-0.26,0.8,-96.71,75.1,-69.37,59.97
373,11.0,18 x 18,18.0,18.0,0.0,RC Column,-11.75,176.49,-10.94,13.74,-27.81,2.65,-0.26,0.76,-144.42,161.54,-77.36,73.8
374,11.0,18 x 18,18.0,18.0,0.0,RC Column,-3.33,146.1,-11.24,11.39,-4.64,24.93,-0.32,0.81,-186.99,87.22,-73.76,68.15
375,11.0,18 x 18,18.0,18.0,0.0,RC Column,-4.38,189.33,-13.75,12.34,-30.99,2.8,-0.29,0.81,-152.12,188.72,-74.88,76.41
376,11.0,18 x 18,18.0,18.0,0.0,RC Column,-4.45,149.78,-13.04,10.77,-4.74,31.55,-0.39,0.74,-245.37,106.49,-64.9,78.88
377,11.0,18 x 18,18.0,18.0,0.0,RC Column,-4.17,184.17,-16.45,11.22,-32.31,2.98,-0.34,0.9,-154.61,200.82,-89.92,91.06
378,11.0,18 x 18,18.0,18.0,0.0,RC Column,-4.47,145.43,-15.31,8.53,-5.15,26.29,-0.47,0.79,-198.96,90.24,-72.72,95.63
379,11.0,18 x 18,18.0,18.0,0.0,RC Column,-5.25,156.54,-19.12,8.64,-28.56,3.26,-0.42,1.0,-141.71,175.88,-103.69,106.57
380,11.0,18 x 18,18.0,18.0,0.0,RC Column,-4.05,117.34,-16.28,4.34,-5.33,19.69,-0.5,0.79,-152.66,63.9,-85.64,93.48
381,11.0,18 x 18,18.0,18.0,0.0,RC Column,-7.2,130.66,-18.68,4.55,-23.56,3.61,-0.45,0.83,-116.94,142.2,-106.01,99.45
382,11.0,18 x 18,18.0,18.0,0.0,RC Column,-2.9,102.54,-4.33,12.13,-1.93,18.86,-0.32,1.14,-105.26,102.6,-68.43,65.03
383,11.0,18 x 18,18.0,18.0,0.0,RC Column,-1.89,139.23,-0.91,5.95,-2.94,2.35,-0.34,1.34,-18.57,13.82,-39.86,31.76
384,11.0,18 x 18,18.0,18.0,0.0,RC Column,-2.95,29.11,-0.85,5.45,-2.5,5.95,-0.35,1.45,-34.92,30.55,-36.86,28.98
385,11.0,18 x 18,18.0,18.0,0.0,RC Column,-2.41,83.54,-2.77,8.76,-14.94,1.97,-0.3,1.52,-83.01,81.37,-51.16,45.15
386,11.0,18 x 18,18.0,18.0,0.0,RC Column,-0.15,84.24,-4.12,6.79,-2.1,20.57,-0.34,1.24,-113.32,112.93,-39.36,35.31
387,11.0,18 x 18,18.0,18.0,0.0,RC Column,-4.83,157.74,-1.59,1.5,-3.01,9.77,-0.36,1.35,-56.62,50.89,-15.07,15.29
388,11.0,18 x 18,18.0,18.0,0.0,RC Column,-3.4,39.31,-5.41,10.53,-2.98,12.3,-0.34,1.51,-69.58,65.75,-60.85,54.99
389,11.0,18 x 18,18.0,18.0,0.0,RC Column,-8.68,115.08,-5.48,7.54,-18.44,2.15,-0.3,1.49,-102.99,99.89,-42.92,40.07
390,11.0,18 x 18,18.0,18.0,0.0,RC Column,-1.57,92.08,-8.51,12.59,-2.4,5.51,-0.26,1.49,-26.04,34.55,-70.08,68.38
391,11.0,18 x 18,18.0,18.0,0.0,RC Column,-2.03,125.28,-9.58,6.4,-16.83,2.35,-0.27,1.49,-96.67,88.43,-51.65,53.72
392,11.0,18 x 18,18.0,18.0,0.0,RC Column,-1.95,95.78,-9.79,8.24,-2.5,5.32,-0.25,1.39,-23.88,35.44,-52.51,55.14
393,11.0,18 x 18,18.0,18.0,0.0,RC Column,-1.79,122.13,-12.32,5.44,-15.32,2.49,-0.26,1.37,-89.91,78.6,-66.49,69.03
394,11.0,18 x 18,18.0,18.0,0.0,RC Column,-1.65,95.48,-14.0,4.15,-2.72,7.3,-0.24,1.44,-35.61,44.74,-76.22,77.81
395,11.0,18 x 18,18.0,18.0,0.0,RC Column,-2.7,104.34,-15.3,2.51,-13.08,2.72,-0.25,1.33,-77.59,66.23,-83.19,85.12
396,11.0,18 x 18,18.0,18.0,0.0,RC Column,-2.19,74.26,-11.88,0.94,-2.93,6.62,-0.24,1.47,-33.0,39.79,-62.55,68.09
397,11.0,18 x 18,18.0,18.0,0.0,RC Column,-3.15,81.92,-13.11,0.63,-8.27,2.89,-0.25,1.16,-51.44,39.48,-69.6,74.62
398,9.0,18 x 18,18.0,18.0,0.0,RC Column,-103.14,519.89,-13.77,18.9,-6.42,25.51,-0.56,0.5,-115.34,114.23,-82.78,87.31
399,9.0,18 x 18,18.0,18.0,0.0,RC Column,-108.59,847.43,-16.21,25.83,-13.71,10.67,-0.46,0.46,-60.41,62.95,-115.08,117.34
400,9.0,18 x 18,18.0,18.0,0.0,RC Column,-107.48,500.3,-17.59,23.16,-22.35,7.17,-0.39,0.45,-99.38,101.76,-101.71,106.73
401,9.0,18 x 18,18.0,18.0,0.0,RC Column,-17.63,556.04,-18.87,17.93,-6.25,36.26,-0.46,0.46,-163.1,164.85,-86.52,83.34
402,9.0,18 x 18,18.0,18.0,0.0,RC Column,-5.42,963.45,-21.7,22.14,-14.57,10.46,-0.47,0.46,-64.26,66.9,-99.35,100.73
403,9.0,18 x 18,18.0,18.0,0.0,RC Column,-25.3,569.45,-23.94,25.25,-31.13,7.13,-0.47,0.46,-139.49,140.66,-112.74,114.54
404,9.0,18 x 18,18.0,18.0,0.0,RC Column,-6.62,396.53,-21.28,17.77,-5.99,36.96,-0.46,0.46,-165.4,169.31,-94.61,96.88
405,9.0,18 x 18,18.0,18.0,0.0,RC Column,-7.57,861.69,-23.45,21.0,-13.9,10.08,-0.46,0.46,-60.78,64.27,-105.06,106.0
406,9.0,18 x 18,18.0,18.0,0.0,RC Column,-25.06,606.47,-23.95,24.52,-30.67,6.81,-0.47,0.46,-137.31,138.7,-109.23,111.82
407,9.0,18 x 18,18.0,18.0,0.0,RC Column,-6.59,208.32,-19.88,20.14,-5.54,36.6,-0.43,0.43,-163.12,166.85,-90.19,91.54
408,9.0,18 x 18,18.0,18.0,0.0,RC Column,-15.11,740.16,-22.05,22.1,-13.04,9.66,-0.46,0.46,-56.6,60.8,-100.37,100.9
409,9.0,18 x 18,18.0,18.0,0.0,RC Column,-24.18,652.06,-24.02,24.22,-30.02,6.48,-0.47,0.46,-134.73,136.0,-109.56,110.76
410,9.0,18 x 18,18.0,18.0,0.0,RC Column,-67.77,367.98,-19.17,20.57,-5.35,34.82,-0.46,0.46,-154.91,159.45,-92.69,92.42
411,9.0,18 x 18,18.0,18.0,0.0,RC Column,-15.41,765.76,-22.13,22.23,-12.76,9.15,-0.46,0.46,-55.72,59.11,-101.25,100.96
412,9.0,18 x 18,18.0,18.0,0.0,RC Column,-21.11,602.3,-25.16,23.7,-28.83,6.18,-0.47,0.46,-129.55,130.44,-114.0,112.47
413,9.0,18 x 18,18.0,18.0,0.0,RC Column,-14.94,399.57,-18.51,19.1,-5.16,32.8,-0.47,0.46,-146.61,150.4,-85.38,88.41
414,9.0,18 x 18,18.0,18.0,0.0,RC Column,-5.26,772.24,-22.48,21.61,-12.47,8.73,-0.46,0.46,-54.81,57.4,-101.39,101.07
415,9.0,18 x 18,18.0,18.0,0.0,RC Column,-23.16,514.69,-25.34,23.62,-27.68,5.91,-0.46,0.47,-124.24,125.22,-114.2,113.86
416,9.0,18 x 18,18.0,18.0,0.0,RC Column,0.0,349.49,-18.44,12.03,-4.64,22.72,-0.47,0.54,-102.47,102.05,-84.68,81.3
417,9.0,18 x 18,18.0,18.0,0.0,RC Column,-16.25,613.77,-25.15,12.4,-11.05,8.12,-0.47,0.46,-48.62,50.87,-113.58,112.77
418,9.0,18 x 18,18.0,18.0,0.0,RC Column,-40.08,368.76,-23.06,15.3,-19.96,5.55,-0.46,0.41,-88.8,90.8,-105.36,102.14
419,5.0,18 x 18,18.0,18.0,0.0,RC Column,-113.85,573.17,-12.91,19.71,-6.08,32.98,-0.11,0.26,-67.28,108.77,-43.56,55.0
420,5.0,18 x 18,18.0,18.0,0.0,RC Column,-120.74,945.11,-15.41,27.87,-15.83,11.12,-0.18,0.17,-36.66,42.5,-67.67,71.68
421,5.0,18 x 18,18.0,18.0,0.0,RC Column,-119.84,552.22,-16.71,23.7,-28.38,6.86,-0.29,0.2,-86.81,62.57,-55.66,67.7
422,5.0,18 x 18,18.0,18.0,0.0,RC Column,-19.12,648.13,-19.7,18.3,-5.94,52.96,-0.18,0.17,-94.43,180.66,-54.3,52.49
423,5.0,18 x 18,18.0,18.0,0.0,RC Column,-5.17,1122.74,-22.6,22.15,-17.61,10.97,-0.17,0.17,-43.15,44.88,-62.13,62.06
424,5.0,18 x 18,18.0,18.0,0.0,RC Column,-28.35,698.95,-24.59,25.22,-43.8,6.89,-0.17,0.17,-144.83,84.59,-68.7,70.17
425,5.0,18 x 18,18.0,18.0,0.0,RC Column,-8.59,473.29,-20.58,17.93,-5.75,54.44,-0.18,0.17,-95.36,185.65,-55.77,51.87
426,5.0,18 x 18,18.0,18.0,0.0,RC Column,-7.97,1016.6,-23.15,21.4,-17.26,10.53,-0.17,0.17,-42.59,43.71,-63.08,60.77
427,5.0,18 x 18,18.0,18.0,0.0,RC Column,-27.35,738.97,-24.13,24.62,-43.79,6.58,-0.17,0.17,-144.81,83.42,-67.93,69.14
428,5.0,18 x 18,18.0,18.0,0.0,RC Column,-8.57,303.55,-19.83,20.06,-5.55,54.65,-0.17,0.17,-94.71,186.41,-54.82,55.54
429,5.0,18 x 18,18.0,18.0,0.0,RC Column,-15.18,910.0,-22.21,22.25,-16.55,10.06,-0.17,0.17,-40.83,41.94,-61.88,62.28
430,5.0,18 x 18,18.0,18.0,0.0,RC Column,-26.43,735.13,-24.22,24.42,-43.5,6.29,-0.17,0.17,-143.84,81.91,-68.07,68.78
431,5.0,18 x 18,18.0,18.0,0.0,RC Column,-67.53,438.56,-19.14,19.78,-5.17,51.36,-0.17,0.17,-89.1,175.35,-53.67,55.05
432,5.0,18 x 18,18.0,18.0,0.0,RC Column,-17.07,939.33,-23.33,22.0,-15.95,9.58,-0.17,0.17,-39.42,40.35,-63.39,61.76
433,5.0,18 x 18,18.0,18.0,0.0,RC Column,-22.79,679.93,-25.78,23.85,-41.53,5.99,-0.17,0.17,-137.25,78.32,-70.3,67.68
434,5.0,18 x 18,18.0,18.0,0.0,RC Column,-16.93,483.34,-19.17,20.21,-4.94,48.29,-0.17,0.18,-84.22,165.05,-53.71,55.8
435,5.0,18 x 18,18.0,18.0,0.0,RC Column,-5.85,911.84,-22.69,23.17,-15.3,9.19,-0.17,0.17,-37.75,38.74,-62.68,63.76
436,5.0,18 x 18,18.0,18.0,0.0,RC Column,-24.87,591.41,-25.49,24.8,-39.8,5.73,-0.17,0.16,-131.43,75.16,-69.9,69.27
437,5.0,18 x 18,18.0,18.0,0.0,RC Column,-0.02,401.93,-19.11,10.47,-4.44,30.07,-0.26,0.16,-58.85,103.6,-53.32,42.25
438,5.0,18 x 18,18.0,18.0,0.0,RC Column,-18.57,709.57,-26.86,10.61,-13.09,8.53,-0.16,0.18,-30.94,34.5,-69.3,65.0
439,5.0,18 x 18,18.0,18.0,0.0,RC Column,-45.17,420.55,-23.44,13.93,-25.96,5.39,-0.15,0.28,-82.62,55.08,-66.5,51.2
440,11.0,18 x 18,18.0,18.0,0.0,RC Column,-0.83,47.76,-0.47,8.95,-1.19,25.09,-0.36,1.21,-125.11,150.84,-50.54,47.92
441,11.0,18 x 18,18.0,18.0,0.0,RC Column,-1.9,67.53,-0.0,9.15,-3.3,0.85,-0.27,1.14,-20.75,15.57,-57.37,46.42
442,11.0,18 x 18,18.0,18.0,0.0,RC Column,-2.25,18.77,0.0,8.83,-1.01,4.01,-0.24,1.17,-21.5,22.61,-54.89,44.77
443,11.0,18 x 18,18.0,18.0,0.0,RC Column,-0.98,40.22,-0.18,9.29,-17.08,1.16,-0.18,1.24,-100.93,86.95,-52.27,49.87
444,11.0,18 x 18,18.0,18.0,0.0,RC Column,-1.07,42.59,-1.16,2.22,-1.42,27.59,-0.36,0.61,-137.73,165.79,-11.01,13.46
445,11.0,18 x 18,18.0,18.0,0.0,RC Column,-2.48,68.79,-1.69,1.03,-1.4,5.68,-0.3,1.05,-33.13,29.33,-11.54,8.14
446,11.0,18 x 18,18.0,18.0,0.0,RC Column,-2.5,29.85,-0.81,6.36,-1.39,10.8,-0.21,1.36,-57.7,61.09,-36.39,33.6
447,11.0,18 x 18,18.0,18.0,0.0,RC Column,-4.07,57.39,-0.06,2.75,-22.54,1.17,-0.2,1.4,-132.85,115.1,-14.71,15.49
448,11.0,18 x 18,18.0,18.0,0.0,RC Column,-0.99,47.82,-2.04,6.32,-1.28,9.58,-0.18,1.46,-46.95,58.48,-36.32,33.24
449,11.0,18 x 18,18.0,18.0,0.0,RC Column,-0.61,61.83,-3.93,0.61,-22.42,1.13,-0.19,1.44,-132.97,113.62,-20.55,22.73
450,11.0,18 x 18,18.0,18.0,0.0,RC Column,-0.5,49.34,-3.86,2.0,-1.32,10.58,-0.17,1.37,-52.04,64.28,-19.96,22.49
451,11.0,18 x 18,18.0,18.0,0.0,RC Column,-0.54,60.48,-6.95,0.71,-21.07,1.13,-0.18,1.42,-125.15,106.66,-36.72,39.72
452,11.0,18 x 18,18.0,18.0,0.0,RC Column,-0.22,50.34,-7.75,0.69,-1.45,11.77,-0.17,1.38,-58.52,70.98,-41.3,43.93
453,11.0,18 x 18,18.0,18.0,0.0,RC Column,-0.88,53.56,-9.97,0.55,-17.34,1.28,-0.17,1.38,-103.31,87.44,-53.89,55.75
454,11.0,18 x 18,18.0,18.0,0.0,RC Column,-1.42,36.81,-9.16,0.42,-1.63,9.95,-0.17,1.38,-49.37,60.09,-48.23,52.53
455,11.0,18 x 18,18.0,18.0,0.0,RC Column,-0.81,37.7,-11.04,0.45,-10.86,1.42,-0.16,1.37,-65.9,53.6,-58.23,63.22
