ID,Length (ft),B,H,MIN FX,MAX FX,MIN FY,MAX FY,MIN FZ,MAX FZ,MIN MX,MAX MX,MIN MY,MAX MY,MIN MZ,MAX MZ,AREA TOP,AREA BOTTOM,STIRRUP SPACING,BAR TYPE TOP,BAR COUNT TOP,BAR TYPE BOTTOM,BAR COUNT BOTTOM,EFFICIENCY MIN MY,EFFICIENCY MAX MY
1,104.0,18.0,18.0,19.56,564.74,-16.87,23.68,-28.37,3.43,-0.67,1.46,-125.0,114.38,-168.99,170.96,2.2089323345553233,2.0,5.60603200874104,6,5,9,2,0.872460856823936,0.873801241696413
2,104.0,18.0,18.0,26.93,710.02,-24.15,27.92,-43.8,1.72,-0.62,1.43,-176.27,159.06,-191.41,190.93,3.0066023442558567,3.0,3.63112164584437,7,5,9,3,0.926681401986271,0.837911639507077
3,104.0,18.0,18.0,23.36,585.52,-15.16,19.68,-1.79,32.96,-0.75,1.15,-127.2,148.39,-145.06,149.74,2.2089323345553233,2.53125,0.218327969964226,6,5,10,2,0.887839700587601,0.914263540851789
4,104.0,18.0,18.0,21.61,656.01,-22.24,20.5,0.32,52.97,-0.63,1.22,-177.84,194.06,-158.77,159.75,3.125,3.796875,2.49685840834474,11,2,10,3,0.902101200358313,0.821458422011122
5,71.0,18.0,18.0,13.88,486.54,-23.88,17.89,-0.07,54.44,-0.65,0.61,-187.15,209.27,-167.21,160.78,3.796875,3.796875,2.59820150422522,10,3,10,3,0.791879330496451,0.885474686043240
6,71.0,18.0,18.0,12.19,449.0,-18.63,22.77,-0.01,51.36,-0.62,0.65,-175.58,196.45,-153.83,163.6,3.0,3.796875,2.37920735767175,9,3,10,3,0.925042406217411,0.831663366817832
7,71.0,18.0,18.0,26.86,491.56,-20.55,22.43,0.68,48.31,-0.61,0.63,-161.56,176.39,-159.89,160.44,3.0,3.0066023442558567,2.13482901863012,9,3,7,5,0.851081381106271,0.927312262417645
8,71.0,18.0,18.0,14.78,413.58,-19.34,15.91,-0.57,30.09,-0.64,0.74,-110.71,122.73,-146.46,143.4,2.0,2.2089323345553233,0.356976075439650,9,2,6,5,0.845764429692340,0.856616967664014
9,71.0,18.0,18.0,141.86,1188.11,-29.82,21.47,-17.27,23.42,-0.6,0.58,-92.98,164.51,-186.18,190.42,1.7671458676442586,3.0,2.23863834799227,6,4,9,3,0.793701208311087,0.866637853178027
10,71.0,18.0,18.0,128.76,1084.39,-23.39,27.63,-15.95,22.82,-0.58,0.6,-87.3,163.6,-181.99,180.15,1.5339807878856413,3.0,2.46182778746622,5,5,9,3,0.844787227461337,0.861903121674354
11,71.0,18.0,18.0,114.61,1060.71,-23.32,23.98,-16.55,43.52,-0.57,0.58,-170.55,310.29,-171.76,173.44,3.0,6.25,1.68189544784055,9,3,11,4,0.898838695092165,0.830980578370942
12,104.0,18.0,18.0,40.98,949.61,-15.14,27.91,-16.09,9.63,-0.6,1.32,-81.94,82.08,-181.2,183.34,1.5339807878856413,1.5339807878856413,9.88459466053346,5,5,5,5,0.794885288805954,0.796243403773403
13,71.0,18.0,18.0,112.69,1062.85,-25.81,23.21,-15.3,10.38,-0.59,0.61,-66.31,80.68,-178.22,179.62,1.1780972450961724,1.5339807878856413,10.3949756920251,4,6,5,5,0.810696475435347,0.783554363718040
14,71.0,18.0,18.0,42.68,728.18,-26.8,15.68,-13.2,7.61,-0.6,0.6,-65.37,65.74,-179.4,178.95,1.1780972450961724,1.1780972450961724,12.0487218248472,4,6,4,6,0.801274846723639,0.805810133449778
15,71.0,18.0,18.0,16.32,433.63,-23.74,17.16,-25.97,2.33,-0.58,0.64,-142.08,109.92,-170.68,170.72,2.53125,2.0,6.12410966838596,10,2,9,2,0.875336837769880,0.839662636080323
16,104.0,18.0,18.0,25.71,689.74,-26.61,24.53,-41.55,1.31,-0.59,1.39,-207.32,174.84,-184.2,184.76,3.796875,3.0,3.82775278190092,10,3,9,3,0.877681085307574,0.921143719689327
17,104.0,18.0,18.0,18.72,599.06,-27.65,24.8,-39.82,1.28,-0.58,1.36,-186.46,142.78,-189.89,191.8,3.796875,2.53125,3.99405143365101,10,3,10,2,0.789775642125137,0.879980356988235
18,104.0,18.0,18.0,31.57,746.57,-24.87,25.39,-43.53,1.43,-0.6,1.42,-223.11,199.14,-180.17,181.19,3.9269908169872414,3.796875,3.65364410953327,8,5,10,3,0.914805216952109,0.842563698390948
19,104.0,18.0,18.0,32.07,750.59,-24.29,26.05,-43.81,1.53,-0.6,1.44,-207.24,186.57,-183.9,184.31,3.796875,3.796875,3.63029281186905,10,3,10,3,0.876885238856984,0.789425202728950
20,104.0,18.0,18.0,36.29,1301.13,-22.55,25.09,-17.61,10.88,-0.61,1.31,-78.99,81.24,-176.23,176.88,1.5339807878856413,1.5339807878856413,9.03140988574579,5,5,5,5,0.766267866277548,0.788094713968705
21,23.0,18.0,18.0,42.68,306.35,-25.1,26.05,8.6,54.7,-0.66,0.63,-203.22,246.96,-122.85,118.56,3.796875,4.6875,2.61555923016492,10,3,11,3,0.859621548883839,0.858319409305028
22,15.0,16.0,32.0,-4.01,3.82,-1.5,2.19,-9.14,14.86,-12.36,17.72,-29.72,52.15,-2.45,3.16,0.9817477042468103,1.2026409377023426,7.12845963055041,4,5,7,2,0.227670195402793,0.330913780888942
23,73.0,16.0,32.0,-4.04,8.7,-1.35,2.05,-13.56,14.53,-18.91,12.98,-44.39,46.04,-3.98,2.53,1.2026409377023426,1.2026409377023426,7.43230627047344,7,2,7,2,0.281468856271103,0.291931203936058
24,67.0,16.0,32.0,5.39,40.12,-6.37,0.79,-32.41,34.23,-24.16,12.73,-152.84,161.74,-13.94,5.09,2.0,2.356194490192345,0.442114808355854,9,2,8,3,0.598184683921865,0.541000302775298
25,15.0,16.0,32.0,-1.2,0.95,-0.8,0.94,-7.12,19.01,-17.7,19.75,-72.48,50.94,-0.98,0.69,1.325359400733194,1.2026409377023426,4.20785955339185,6,3,7,2,0.419461449188870,0.322893146666915
26,67.0,16.0,32.0,-4.53,4.64,-0.97,0.44,-38.93,52.05,-21.8,13.55,-231.6,144.26,-0.95,2.17,3.0,2.0,2.43052045898215,9,3,9,2,0.614088190347655,0.564618081735872
27,73.0,16.0,32.0,-2.35,0.99,-0.53,0.42,-19.85,16.89,-21.59,11.97,-100.35,52.21,-0.68,1.02,1.5707963267948966,1.2026409377023426,5.52050977560563,8,2,7,2,0.494492258674418,0.330757757879292
28,15.0,16.0,32.0,-1.44,2.84,-0.83,0.41,-14.63,25.41,-18.53,17.41,-117.73,93.91,-0.62,0.96,1.7671458676442586,1.5707963267948966,1.57384534080988,6,4,8,2,0.518548031840215,0.462574799572929
29,67.0,16.0,32.0,-9.14,4.38,-0.36,1.4,-40.57,66.14,-31.31,17.26,-217.64,166.86,-3.08,1.11,2.53125,2.356194490192345,2.40464360580561,10,2,8,3,0.679553500327725,0.558166366910201
30,73.0,16.0,32.0,-4.04,2.31,-1.28,1.15,-25.61,20.63,-22.12,14.61,-143.64,82.43,-2.47,1.73,2.0,1.5707963267948966,3.38664130441004,9,2,8,2,0.562153243650869,0.405979500414366
31,67.0,16.0,32.0,-4.29,5.26,-1.1,0.87,-59.03,84.49,-31.54,14.95,-374.58,246.13,-1.36,1.92,3.796875,3.0,1.88238996435061,10,3,9,3,0.790948860464998,0.652439116586334
32,87.0,16.0,32.0,-5.36,10.28,-0.83,1.34,-26.36,28.08,-34.06,28.26,-153.03,99.63,-2.71,2.13,2.0,1.5707963267948966,0.829911328702959,9,2,8,2,0.598902192118439,0.490691952278094
33,67.0,16.0,32.0,-2.79,17.87,-1.79,1.66,-38.28,38.49,-36.26,35.37,-267.45,175.04,-3.21,1.84,3.0,2.356194490192345,1.08492049597352,9,3,8,3,0.709067787235149,0.585561740797734
34,27.0,16.0,32.0,-0.5,5.56,-2.17,2.13,-18.77,18.14,-22.15,27.33,-65.55,61.66,-3.74,2.37,1.325359400733194,1.227184630308513,4.70942172601869,6,3,5,4,0.379336597237633,0.383514123042286
35,67.0,16.0,32.0,-8.87,20.62,-1.15,2.25,-67.59,175.78,-32.78,37.97,-573.47,455.24,-4.81,2.58,0.0,4.6875,0.904785118261368,11,0,11,3,49.7313525330775,0.801848890507801
36,30.0,16.0,32.0,-4.21,10.78,-2.0,0.53,-27.25,27.41,-25.39,31.71,-128.77,117.39,-2.02,2.8,1.7671458676442586,1.7671458676442586,1.00297008792335,6,4,6,4,0.567151355732810,0.517029569383200
37,67.0,16.0,32.0,-5.37,14.39,-1.41,1.49,-68.56,176.28,-49.24,37.27,-585.53,442.86,-3.09,2.81,0.0,4.6875,0.902218788790466,11,0,11,3,50.7771964508917,0.780043053444962
38,87.0,16.0,32.0,-18.8,15.74,-3.44,2.55,-42.19,45.38,-62.3,68.1,-189.95,139.0,-3.78,6.15,2.356194490192345,2.0,1.86912934971399,8,3,9,2,0.635359264944775,0.544017737929464
39,67.0,16.0,32.0,0.19,13.31,-1.18,1.78,-148.22,65.52,-20.83,36.13,-559.41,307.11,-1.88,3.44,0.0,3.796875,1.07302069955460,11,0,10,3,49.3513386520222,0.655854269662119
40,32.0,16.0,32.0,-0.84,23.38,-0.89,1.83,-73.74,163.3,-24.63,20.7,-370.06,635.62,-3.1,2.37,3.796875,0.0,0.973932198946621,10,3,11,0,0.790288271404917,56.0746105253720
41,30.0,16.0,32.0,-3.72,0.33,-0.63,0.79,-35.45,28.43,-22.08,23.45,-201.85,156.83,-0.64,0.96,2.405281875404685,2.0,0.742750971156493,7,4,9,2,0.661922810268155,0.613802048417400
42,67.0,16.0,32.0,-7.02,4.89,-0.28,0.59,-42.48,41.21,-26.4,32.63,-233.52,157.48,-1.18,0.68,3.0,2.0,1.42583329022133,9,3,9,2,0.619179076899760,0.616359735975080
43,67.0,16.0,32.0,-7.03,0.67,-0.7,0.88,-27.71,28.64,-29.72,29.44,-178.59,122.45,-0.48,1.39,2.356194490192345,1.7671458676442586,0.691477308309326,8,3,6,4,0.597340676898689,0.539265258705634
44,27.0,16.0,32.0,-1.71,0.27,-0.79,0.67,-30.63,26.94,-20.7,16.34,-160.63,118.11,-0.61,1.06,2.356194490192345,1.7671458676442586,1.12950668559685,8,3,6,4,0.537268788455324,0.520152059662902
45,67.0,16.0,32.0,-7.67,3.63,-0.86,0.26,-40.6,38.96,-26.8,19.69,-220.99,146.44,-0.98,1.74,2.53125,2.0,1.14723023331676,10,2,9,2,0.689987962515980,0.573140629599153
46,87.0,16.0,32.0,-2.81,4.7,-1.16,1.11,-32.17,35.38,-21.71,18.44,-211.71,140.94,-2.13,1.55,2.53125,2.0,0.630895700678940,10,2,9,2,0.661013401259144,0.551614588471078
47,67.0,16.0,32.0,-4.38,1.33,-0.2,0.04,-41.84,43.15,-10.92,10.0,-253.73,176.69,-0.27,0.39,3.0,2.356194490192345,1.64272514229481,9,3,8,3,0.672693100224993,0.591081489839761
48,32.0,16.0,32.0,-14.78,-2.18,-0.21,0.13,-41.78,42.21,-9.8,9.27,-226.32,162.7,-0.33,0.33,3.0,2.356194490192345,1.54012295403982,9,3,8,3,0.600023262692312,0.544280708568278
49,67.0,16.0,32.0,-6.46,2.19,-0.15,0.17,-40.67,38.01,-9.68,10.06,-231.31,163.09,-0.31,0.25,3.0,2.356194490192345,1.01969455117129,9,3,8,3,0.613252831801691,0.545585376523666
50,87.0,16.0,32.0,-7.17,1.67,-2.1,2.47,-44.98,43.69,-21.15,21.61,-227.84,158.99,-2.71,4.53,3.0,2.356194490192345,1.69967017372444,9,3,8,3,0.604053111398977,0.531869636479844
51,67.0,16.0,32.0,-1.29,0.89,-0.12,0.07,-40.8,42.74,-13.02,12.61,-259.96,175.45,-0.18,0.22,3.0,2.356194490192345,1.59852807416989,9,3,8,3,0.689210177489809,0.586933314802117
52,67.0,16.0,32.0,-1.69,1.88,-0.3,0.38,-42.0,41.54,-27.93,33.45,-230.29,170.88,-0.65,0.81,3.0,2.356194490192345,1.46415719523401,9,3,8,3,0.610548591222219,0.571645282606929
53,32.0,16.0,32.0,0.23,2.83,-0.05,0.04,-39.36,41.87,-11.29,10.66,-218.29,183.57,-0.1,0.08,2.53125,2.356194490192345,1.50187699761215,10,2,8,3,0.681583043496320,0.614063286429974
54,67.0,16.0,32.0,-1.54,1.78,-0.55,0.42,-40.08,39.68,-29.03,22.02,-219.44,161.99,-1.15,0.89,2.53125,2.356194490192345,1.23982081376061,10,2,8,3,0.685173773717680,0.541875642908926
55,67.0,16.0,32.0,-1.28,1.13,-0.11,0.16,-39.1,39.74,-12.01,12.29,-240.69,160.72,-0.32,0.25,3.0,2.356194490192345,1.24738525138452,9,3,8,3,0.638121240267818,0.537657009717847
56,67.0,16.0,32.0,-2.03,1.8,-0.59,0.57,-27.34,28.53,-30.5,30.1,-187.16,121.39,-0.6,0.73,2.356194490192345,1.7671458676442586,0.718240803013638,8,3,6,4,0.626005269546775,0.534597058017778
57,30.0,16.0,32.0,-1.06,0.5,-0.49,0.63,-35.63,30.69,-22.15,23.54,-205.9,156.27,-0.5,0.63,2.405281875404685,2.0,0.227807432713558,7,4,9,2,0.675203897122681,0.611610317580738
58,27.0,16.0,32.0,-0.78,0.54,-0.55,0.61,-30.12,33.33,-19.7,17.81,-181.64,132.06,-0.5,0.59,2.356194490192345,1.803961406553514,0.285286225323159,8,3,7,3,0.607545607557425,0.570290623724305
59,87.0,16.0,32.0,-3.64,3.1,-0.97,0.98,-44.3,45.37,-25.04,25.8,-235.21,155.72,-1.09,1.38,3.0,2.0,1.86816376217811,9,3,9,2,0.623660117666978,0.609471285788922
60,87.0,16.0,32.0,-1.35,0.58,-0.27,0.25,-33.66,35.25,-21.65,17.44,-216.7,144.86,-0.35,0.55,2.53125,2.0,0.610172762837472,10,2,9,2,0.676593472452205,0.566956785056906
61,30.0,16.0,32.0,-4.44,0.55,-1.08,1.18,-38.47,34.33,-23.38,24.09,-238.6,169.28,-1.69,0.79,3.0,2.356194490192345,0.459032621323068,9,3,8,3,0.632580198296155,0.566292798687389
62,67.0,16.0,32.0,-5.0,-0.62,-0.25,0.18,-41.88,42.23,-14.98,15.09,-279.68,177.8,-0.41,0.38,3.0,2.356194490192345,1.54235353753305,9,3,8,3,0.741492162026272,0.594794775558942
63,67.0,16.0,32.0,-4.93,2.21,-0.5,0.81,-41.01,42.79,-29.16,36.67,-251.72,174.61,-1.66,0.9,3.0,2.356194490192345,1.60396330661418,9,3,8,3,0.667364155553680,0.584123260744358
64,32.0,16.0,32.0,-7.06,-1.3,-0.17,0.12,-40.11,41.98,-13.83,12.98,-230.5,189.63,-0.31,0.25,3.0,2.356194490192345,1.51431848237306,9,3,8,3,0.611105346635640,0.634369703539045
65,67.0,16.0,32.0,-4.71,2.35,-0.78,0.45,-40.86,39.2,-32.85,24.2,-240.76,165.61,-1.56,0.91,3.0,2.356194490192345,1.17847168086788,9,3,8,3,0.638306825405625,0.554015538696943
66,67.0,16.0,32.0,-4.42,-0.65,-0.2,0.22,-40.1,39.26,-14.33,14.68,-263.29,162.38,-0.44,0.42,3.0,2.356194490192345,1.18622236092768,9,3,8,3,0.698038727616909,0.543210211784370
67,67.0,16.0,32.0,-5.23,-0.31,-0.98,0.99,-29.64,27.74,-33.02,32.53,-203.83,121.75,-1.5,0.63,2.405281875404685,1.7671458676442586,0.916687458903357,7,4,6,4,0.668394009823669,0.536179071005586
68,87.0,16.0,32.0,-4.43,0.97,-0.8,0.8,-39.62,38.18,-21.88,17.61,-255.48,178.14,-0.9,1.54,3.0,2.356194490192345,1.04298297249924,9,3,8,3,0.677332728670166,0.595932178391844
69,87.0,16.0,32.0,-4.72,3.93,-1.42,1.59,-47.46,47.96,-27.19,27.85,-261.24,163.88,-2.51,1.3,3.0,2.356194490192345,2.10479753732321,9,3,8,3,0.692603734295421,0.548228165458939
70,27.0,16.0,32.0,-3.7,1.14,-1.1,1.01,-34.62,38.28,-19.12,19.96,-224.82,179.08,-1.63,0.74,3.0,2.356194490192345,1.05658542032447,9,3,8,3,0.596046438310735,0.599076762694574
71,67.0,16.0,32.0,1.26,12.78,-0.11,0.19,-59.24,64.43,-12.92,13.14,-416.06,265.39,-0.27,0.37,4.6875,3.0,2.46846388464975,11,3,9,3,0.716972131491508,0.703514355142338
72,67.0,16.0,32.0,1.11,14.7,-0.24,0.11,-60.6,66.74,-13.75,11.53,-429.96,279.73,-0.34,0.43,4.6875,3.0,2.38302559316727,11,3,9,3,0.740925197462117,0.741527829096674
73,67.0,16.0,32.0,0.39,24.56,-1.09,1.2,-62.84,68.2,-13.14,12.23,-441.12,291.59,-1.79,2.01,4.6875,3.125,2.33201067577688,11,3,11,2,0.759964126971509,0.743026919396534
74,67.0,16.0,32.0,1.09,13.95,-0.21,0.03,-58.34,64.11,-13.34,15.15,-412.12,265.15,-0.28,0.38,4.6875,3.0,2.48078502710939,11,3,9,3,0.710182557396241,0.702878146373228
75,67.0,16.0,32.0,1.35,11.67,-0.19,0.11,-55.55,61.15,-11.84,12.02,-392.12,246.09,-0.38,0.26,4.0,3.0,2.60086881582965,9,4,9,3,0.787346728364585,0.652329551367423
76,67.0,16.0,32.0,1.1,9.57,-0.83,0.7,-33.69,38.03,-36.56,36.74,-253.03,159.84,-1.84,1.04,3.0,2.356194490192345,1.02244517197005,9,3,8,3,0.670837248846924,0.534713143562099
77,87.0,16.0,32.0,-2.12,4.62,-1.76,1.63,-37.37,36.74,-27.94,23.25,-228.9,171.76,-3.28,1.95,3.0,2.356194490192345,0.838897384050650,9,3,8,3,0.606863400628624,0.574589148762677
78,87.0,16.0,32.0,-0.82,5.38,-0.63,0.6,-45.95,46.78,-6.48,4.67,-229.49,140.87,-1.08,0.81,3.0,2.0,2.00023706477172,9,3,9,2,0.608493518147165,0.551349987343215
79,87.0,16.0,32.0,-7.26,13.57,-3.83,3.84,-32.79,32.53,-29.57,31.92,-182.44,153.87,-4.26,7.45,2.356194490192345,2.0,0.138597906241037,8,3,9,2,0.610239243466832,0.602215894497889
80,87.0,16.0,32.0,-2.96,2.03,-1.02,0.74,-27.69,29.03,-26.0,30.97,-166.17,99.51,-1.95,1.12,2.356194490192345,1.5707963267948966,0.598222876678578,8,3,8,2,0.555781773982327,0.490028409473191
81,67.0,16.0,32.0,-2.42,0.02,-0.39,0.39,-37.24,33.91,-31.7,32.54,-249.37,151.92,-0.84,0.51,3.0,2.0,0.387307280743761,9,3,9,2,0.661205405988751,0.594598495614263
82,67.0,16.0,32.0,-2.7,-0.04,-0.1,0.07,-60.29,65.22,-9.1,9.79,-423.39,253.47,-0.19,0.16,4.6875,3.0,2.43856375479888,11,3,9,3,0.729603496496153,0.671915986276531
83,67.0,16.0,32.0,-3.56,-0.09,-0.15,0.1,-61.0,65.42,-10.14,9.02,-429.2,258.03,-0.22,0.27,4.6875,3.0,2.43110865313334,11,3,9,3,0.739615533423437,0.684003952889625
84,67.0,16.0,32.0,-6.51,-0.03,-0.24,0.28,-62.74,66.09,-10.19,9.39,-431.99,258.15,-0.41,0.48,4.6875,3.0,2.40646282475387,11,3,9,3,0.744423379039120,0.684322057274180
85,67.0,16.0,32.0,-3.28,-0.08,-0.06,0.12,-58.14,62.93,-10.9,10.4,-411.19,244.43,-0.21,0.16,4.6875,3.0,2.52730221020155,11,3,9,3,0.708579942191013,0.647952122640046
86,67.0,16.0,32.0,-2.4,-0.08,-0.09,0.12,-55.67,60.79,-8.79,8.53,-395.52,233.48,-0.15,0.22,4.0,3.0,2.61627123026786,9,4,9,3,0.794173666231665,0.618903261624877
87,87.0,16.0,32.0,-3.25,1.19,-0.37,0.46,-30.99,29.85,-26.96,22.97,-171.89,120.99,-0.48,0.9,2.356194490192345,1.7671458676442586,0.410097491121578,8,3,6,4,0.574930785330173,0.532835472852549
88,87.0,16.0,32.0,-2.94,0.42,-0.15,0.14,-37.2,39.3,-6.77,5.51,-174.46,93.01,-0.19,0.26,2.356194490192345,1.5707963267948966,1.19137633307941,8,3,8,2,0.583508986513551,0.458019720280389
89,67.0,16.0,32.0,1.04,8.42,-0.09,0.04,-60.17,66.55,-6.88,7.06,-441.46,252.14,-0.15,0.14,4.6875,3.0,2.38982912228375,11,3,9,3,0.760742482257946,0.668390329347711
90,67.0,16.0,32.0,1.04,8.67,-0.06,0.06,-60.47,65.95,-7.21,6.79,-442.56,256.21,-0.1,0.12,4.6875,3.0,2.41157131293379,11,3,9,3,0.762638048629721,0.679179369723872
91,67.0,16.0,32.0,1.03,8.9,-0.07,0.04,-60.93,66.39,-7.69,6.7,-443.97,256.34,-0.13,0.11,4.6875,3.0,2.39558861406813,11,3,9,3,0.765067820069905,0.679523982807140
92,67.0,16.0,32.0,1.07,8.24,-0.09,0.09,-57.8,63.5,-8.75,8.12,-423.64,243.17,-0.18,0.13,4.6875,3.0,2.50461619036194,11,3,9,3,0.730034307035193,0.644612026602217
93,67.0,16.0,32.0,1.08,7.71,-0.05,0.11,-56.44,61.85,-6.39,7.03,-409.95,232.12,-0.17,0.18,4.6875,3.0,2.57143295210967,11,3,9,3,0.706443121917376,0.615319914524434
94,67.0,16.0,32.0,1.17,6.29,-0.29,0.38,-33.54,37.08,-28.04,30.96,-253.73,148.43,-1.0,0.33,3.0,2.0,0.888513751079312,9,3,9,2,0.672765960867490,0.580939012006484
95,87.0,16.0,32.0,-0.9,1.44,-1.05,1.06,-25.22,24.31,-25.61,21.93,-124.88,92.88,-1.97,1.26,1.7671458676442586,1.5707963267948966,1.92786549197775,6,4,8,2,0.550040586224463,0.457501303208749
96,87.0,16.0,32.0,-0.56,1.55,-0.2,0.2,-34.06,32.65,-5.59,4.34,-136.08,80.72,-0.34,0.25,2.0,1.5707963267948966,0.161059414702019,9,2,8,2,0.532566230827140,0.397557506653496
97,87.0,16.0,32.0,-0.89,1.44,-1.29,1.34,-22.93,22.33,-25.26,30.08,-111.47,74.02,-1.53,2.52,1.7671458676442586,1.325359400733194,2.65299642230090,6,4,6,3,0.491004944948244,0.427985413949165
98,33.0,18.0,18.0,13.37,42.73,-6.48,12.22,1.27,17.05,-0.04,1.45,-104.65,82.81,-71.62,62.77,1.803961406553514,1.5339807878856413,5.41005337888440,7,3,5,5,0.877955034747305,0.802794707479079
99,33.0,18.0,18.0,25.73,145.45,-11.12,12.9,-0.18,25.52,-0.12,1.44,-190.43,90.25,-77.01,70.05,3.796875,1.5339807878856413,1.54012186951329,10,3,5,5,0.808298420696396,0.872728290550414
100,33.0,18.0,18.0,28.01,149.34,-12.97,11.03,-0.36,31.87,-0.14,1.42,-246.02,108.06,-66.42,78.43,4.6875,2.0,0.0120360806407565,11,3,9,2,0.860264941416437,0.825199742225891
101,33.0,18.0,18.0,24.84,145.76,-15.38,8.78,0.47,26.48,-0.22,1.41,-200.13,91.02,-76.04,96.0,3.796875,1.5707963267948966,1.25770053285420,10,3,8,2,0.849372264321281,0.862034742825338
102,33.0,18.0,18.0,17.65,117.22,-16.29,4.66,-0.16,19.65,-0.29,1.5,-152.5,63.6,-85.42,93.67,3.0,1.1780972450961724,3.86724733384117,9,3,4,6,0.803561537681234,0.773322281469494
103,58.0,16.0,32.0,-5.49,3.95,-2.55,2.02,-24.32,24.52,-19.96,8.78,-148.42,73.56,-3.2,4.4,2.0,1.325359400733194,1.85782667658969,9,2,6,3,0.580849591707517,0.425212636788612
104,26.0,16.0,32.0,1.95,9.91,0.01,0.24,-27.88,38.39,-5.55,7.63,-204.18,114.85,-0.39,0.39,2.405281875404685,1.7671458676442586,1.07146626439231,7,4,6,4,0.669541720678000,0.505791920369541
105,26.0,16.0,32.0,2.65,13.61,-0.13,0.07,-28.15,36.97,-7.37,6.29,-198.99,104.56,-0.15,0.27,2.356194490192345,1.5707963267948966,0.872561262916443,8,3,8,2,0.665553440481093,0.514896698769137
106,26.0,16.0,32.0,2.07,9.59,-0.29,0.06,-27.09,33.84,-10.2,7.58,-181.28,99.43,-0.36,0.58,2.356194490192345,1.5707963267948966,0.375179961289034,8,3,8,2,0.606319552190625,0.489634456375433
107,26.0,16.0,32.0,2.48,12.72,-1.1,0.71,-18.46,22.96,-20.02,17.07,-138.83,62.94,-2.06,0.27,2.0,1.227184630308513,2.40870688632313,9,2,5,4,0.543314077025609,0.390998946678581
108,58.0,16.0,32.0,-2.07,3.96,-1.11,1.15,-18.26,20.34,-13.01,5.97,-111.66,49.63,-1.51,1.85,1.7671458676442586,1.2026409377023426,3.52403687856338,6,4,7,2,0.491858991283506,0.314297227287905
109,26.0,16.0,32.0,-4.02,-0.69,-0.64,0.75,-19.28,20.22,-18.25,14.51,-90.68,77.28,-0.26,0.89,1.5707963267948966,1.5707963267948966,3.58204303214536,8,2,8,2,0.446716995333934,0.380704558881853
110,26.0,16.0,32.0,-3.49,-0.18,-0.07,0.07,-27.94,32.6,-8.19,6.24,-140.56,120.58,-0.11,0.14,2.0,1.7671458676442586,0.151720548773647,9,2,6,4,0.550106348968388,0.531057611809664
111,26.0,16.0,32.0,-3.78,-0.36,-0.06,0.04,-27.56,36.29,-4.78,3.52,-163.07,128.71,-0.14,0.11,2.356194490192345,1.7671458676442586,0.771799115183822,8,3,6,4,0.545430002698187,0.566834066541463
112,26.0,16.0,32.0,-3.43,-0.3,-0.06,0.05,-27.3,37.5,-2.06,2.84,-173.19,130.56,-0.14,0.1,2.356194490192345,1.803961406553514,0.948562397067223,8,3,7,3,0.579282227333574,0.563812992832388
113,58.0,16.0,32.0,0.2,26.49,-1.21,6.09,-12.68,16.02,-12.22,5.13,-69.17,40.82,-5.68,12.48,1.325359400733194,1.2026409377023426,6.15973221660294,6,3,7,2,0.400305580027513,0.258745548624724
114,26.0,16.0,32.0,1.39,6.4,-1.14,1.36,-19.62,19.58,-15.67,13.01,-52.53,99.63,-2.08,1.08,1.2026409377023426,1.5707963267948966,3.90341726812968,7,2,8,2,0.332785003282881,0.490944332154781
115,26.0,16.0,32.0,1.66,8.17,-0.36,0.5,-28.81,30.9,-6.38,4.48,-89.07,149.19,-0.91,0.71,1.5707963267948966,2.0,0.183783498704825,8,2,9,2,0.438682446947806,0.583873868144481
116,26.0,16.0,32.0,1.56,9.83,-0.41,0.12,-29.33,33.72,-2.45,1.05,-105.02,160.38,-0.68,0.65,1.5707963267948966,2.356194490192345,0.354273128411059,8,2,8,3,0.517161929081243,0.536416205760881
117,26.0,16.0,32.0,1.58,10.84,-0.26,0.06,-28.82,34.4,0.23,2.38,-110.38,161.43,-0.55,0.59,1.7671458676442586,2.356194490192345,0.470816566570375,6,4,8,3,0.486109426344858,0.539944596403804
118,67.0,16.0,32.0,-12.3,16.35,-1.45,1.59,-30.11,33.86,-29.44,27.84,-158.02,143.04,-2.5,3.22,2.0,2.0,0.378650026285319,9,2,9,2,0.618447417228707,0.559819760539136
119,67.0,16.0,32.0,-7.49,-0.3,-0.66,0.85,-30.97,29.58,-42.79,37.57,-202.86,122.37,-1.81,0.89,2.405281875404685,1.7671458676442586,0.470889456050679,7,4,6,4,0.665213211170237,0.538909510627956
120,67.0,16.0,32.0,-0.76,8.36,-0.62,0.44,-29.87,30.22,-50.04,42.78,-189.58,122.19,-0.59,1.38,2.356194490192345,1.7671458676442586,0.328554272335509,8,3,6,4,0.634099588590926,0.538120228348235
121,67.0,16.0,32.0,-3.1,4.87,-0.5,0.53,-37.21,37.56,-38.95,39.18,-225.38,174.64,-0.67,1.16,3.0,2.356194490192345,0.957031147231653,9,3,8,3,0.597531119413191,0.584223619817849
122,67.0,16.0,32.0,-3.58,1.44,-0.28,0.22,-29.15,28.96,-32.24,31.56,-191.8,129.75,-0.67,0.41,2.356194490192345,1.7671458676442586,0.614775901587676,8,3,6,4,0.641524955647956,0.571414187971057
123,67.0,16.0,32.0,-2.38,1.84,-0.12,0.11,-29.55,29.12,-33.1,32.46,-196.9,127.91,-0.27,0.23,2.356194490192345,1.7671458676442586,0.577057352677854,8,3,6,4,0.658583231319513,0.563310896211005
124,67.0,16.0,32.0,-6.12,0.56,-0.51,0.63,-30.01,30.37,-35.42,34.93,-210.13,128.18,-1.28,0.74,2.53125,1.7671458676442586,0.296062236087557,10,2,6,4,0.656066078288664,0.564487596558654
125,67.0,16.0,32.0,1.1,10.32,-0.79,0.91,-35.08,38.54,-39.83,38.72,-264.29,167.06,-1.18,2.0,3.0,2.356194490192345,1.09162142942452,9,3,8,3,0.700689943871294,0.558866227249026
126,67.0,16.0,32.0,-2.99,0.0,-0.42,0.42,-35.12,37.77,-34.65,34.56,-254.22,158.14,-0.92,0.54,3.0,2.0,0.986459885888824,9,3,9,2,0.674065197539641,0.618942904794890
127,67.0,16.0,32.0,1.11,6.6,-0.38,0.33,-34.57,37.7,-33.17,30.67,-260.18,154.11,-0.37,0.99,3.0,2.0,0.976686734483313,9,3,9,2,0.689868157878467,0.603169919425449
